cover_id,original_id,lcs_similarity,levenshtein_similarity,pitch_hist_similarity,dtw_distance,is_correct
1,1,0.760331,0.666667,0.746419,42.58912444782053,1
1,2,0.764179,0.618357,0.637154,,0
1,3,0.647368,0.594203,0.813231,,0
1,4,0.868633,0.782609,0.852928,,0
1,5,0.729885,0.613527,0.854847,,0
1,6,0.868421,0.792271,0.743872,,0
1,7,0.670659,0.541063,0.586303,,0
1,8,0.927059,0.899083,0.807411,,0
1,9,0.875306,0.840580,0.822558,,0
1,10,0.960784,0.922705,0.649047,,0
1,11,0.908163,0.855072,0.885269,,0
1,12,0.678899,0.536232,0.526589,,0
1,13,0.701299,0.652174,0.660227,,0
1,14,0.826816,0.714976,0.787194,,0
1,15,0.793103,0.666667,0.566688,,0
1,16,0.838196,0.763285,0.569179,,0
1,17,0.939467,0.908213,0.815308,,0
1,18,0.842640,0.797101,0.475825,,0
1,19,0.869757,0.800813,0.508358,,0
1,20,0.901266,0.855072,0.569384,,0
1,21,0.911458,0.845411,0.842329,,0
1,22,0.929095,0.898551,0.728223,,0
1,23,0.736264,0.647343,0.411085,,0
1,24,0.808864,0.705314,0.724903,,0
1,25,0.869565,0.772947,0.622272,,0
1,26,0.922717,0.890909,0.705366,,0
1,27,0.950980,0.913043,0.842164,,0
1,28,0.840731,0.777778,0.724326,,0
1,29,0.877729,0.796813,0.776372,,0
1,30,0.911628,0.878924,0.625199,,0
1,31,0.904884,0.850242,0.483032,,0
1,32,0.708934,0.594203,0.845598,,0
1,33,0.890052,0.821256,0.621551,,0
1,34,0.942857,0.910798,0.418011,,0
1,35,0.917526,0.859903,0.458179,,0
1,36,0.916279,0.878924,0.835262,,0
1,37,0.880208,0.816425,0.555340,,0
1,38,0.793478,0.695652,0.873564,,0
1,39,0.825871,0.801932,0.606039,,0
1,40,0.788406,0.657005,0.762035,,0
1,41,0.875648,0.816425,0.711616,,0
1,42,0.907834,0.863436,0.705285,,0
1,43,0.873016,0.797101,0.590655,,0
1,44,0.916667,0.880000,0.580027,,0
1,45,0.958231,0.942029,0.819731,,0
1,46,0.879357,0.792271,0.596629,,0
1,47,0.919192,0.879227,0.556048,,0
1,48,0.899497,0.855072,0.823564,,0
1,49,0.768392,0.676329,0.657879,,0
1,50,0.932401,0.900901,0.583874,,0
1,51,0.951456,0.922705,0.870033,,0
1,52,0.800000,0.676329,0.469736,,0
1,53,0.890625,0.826087,0.700358,,0
1,54,0.800000,0.729469,0.604996,,0
1,55,0.817927,0.705314,0.852122,,0
1,56,0.886010,0.821256,0.623812,,0
1,57,0.941463,0.908213,0.617045,,0
1,58,0.850829,0.743961,0.294246,,0
1,59,0.812325,0.700483,0.762579,,0
1,60,0.845528,0.753623,0.956741,,0
1,61,0.682540,0.613527,0.681726,,0
1,62,0.955882,0.917874,0.418820,,0
1,63,0.941463,0.917874,0.366725,,0
1,64,0.915842,0.888889,0.808676,,0
1,65,0.795812,0.724638,0.723251,,0
1,66,0.909561,0.850242,0.439316,,0
1,67,0.909091,0.869565,0.363672,,0
1,68,0.950000,0.917874,0.871805,,0
1,69,0.922693,0.888889,0.947398,,0
1,70,0.909561,0.845411,0.945977,,0
1,71,0.860158,0.782609,0.486987,,0
1,72,0.827397,0.729469,0.878277,,0
1,73,0.681948,0.570048,0.777530,,0
1,74,0.942308,0.904306,0.913435,,0
1,75,0.907268,0.859903,0.325503,,0
1,76,0.791908,0.661836,0.878214,,0
1,77,0.797721,0.676329,0.415878,,0
1,78,0.943765,0.917874,0.884349,,0
1,79,0.897243,0.855072,0.812952,,0
1,80,0.870229,0.826087,0.612043,,0
2,1,0.809117,0.728205,0.452077,,0
2,2,0.792570,0.656410,0.283818,46.17147152249207,1
2,3,0.744565,0.666667,0.541636,,0
2,4,0.903047,0.835897,0.551064,,0
2,5,0.785714,0.676923,0.516088,,0
2,6,0.896739,0.820513,0.345151,,0
2,7,0.739130,0.610256,0.457799,,0
2,8,0.813559,0.770642,0.662809,,0
2,9,0.861461,0.816832,0.669365,,0
2,10,0.823232,0.805970,0.600570,,0
2,11,0.884211,0.835897,0.584970,,0
2,12,0.736508,0.594872,0.534864,,0
2,13,0.804290,0.733333,0.268677,,0
2,14,0.861272,0.764103,0.625426,,0
2,15,0.833333,0.717949,0.885098,,0
2,16,0.898630,0.830769,0.350654,,0
2,17,0.837905,0.800971,0.372480,,0
2,18,0.879581,0.800000,0.472267,,0
2,19,0.752834,0.674797,0.326715,,0
2,20,0.882507,0.825641,0.791432,,0
2,21,0.881720,0.830769,0.378582,,0
2,22,0.841310,0.792079,0.309206,,0
2,23,0.835227,0.738462,0.615836,,0
2,24,0.853868,0.764103,0.641177,,0
2,25,0.904494,0.825641,0.287615,,0
2,26,0.809639,0.763636,0.665050,,0
2,27,0.853535,0.830846,0.429854,,0
2,28,0.889488,0.794872,0.321307,,0
2,29,0.789238,0.693227,0.441917,,0
2,30,0.779904,0.730942,0.457115,,0
2,31,0.870027,0.810256,0.695954,,0
2,32,0.770149,0.661538,0.450936,,0
2,33,0.897297,0.835897,0.296572,,0
2,34,0.828431,0.788732,0.767207,,0
2,35,0.861702,0.825641,0.332290,,0
2,36,0.779904,0.730942,0.375874,,0
2,37,0.892473,0.825641,0.420341,,0
2,38,0.820225,0.743590,0.632065,,0
2,39,0.876923,0.794872,0.309811,,0
2,40,0.822823,0.702564,0.284293,,0
2,41,0.893048,0.830769,0.305397,,0
2,42,0.800948,0.740088,0.291884,,0
2,43,0.896175,0.825641,0.418487,,0
2,44,0.804762,0.751111,0.497057,,0
2,45,0.815190,0.805000,0.334160,,0
2,46,0.903047,0.830769,0.460214,,0
2,47,0.869792,0.830769,0.479231,,0
2,48,0.875648,0.830769,0.569819,,0
2,49,0.828169,0.748718,0.607115,,0
2,50,0.815348,0.761261,0.852574,,0
2,51,0.820000,0.790244,0.385450,,0
2,52,0.834320,0.723077,0.871391,,0
2,53,0.881720,0.810256,0.309305,,0
2,54,0.846561,0.758974,0.489780,,0
2,55,0.857971,0.753846,0.435748,,0
2,56,0.882353,0.810256,0.324115,,0
2,57,0.834171,0.807882,0.896938,,0
2,58,0.885714,0.794872,0.640511,,0
2,59,0.840580,0.738462,0.707488,,0
2,60,0.873950,0.784615,0.591687,,0
2,61,0.765027,0.671795,0.268826,,0
2,62,0.828283,0.805970,0.614575,,0
2,63,0.839196,0.812808,0.739720,,0
2,64,0.852041,0.796954,0.444201,,0
2,65,0.843243,0.753846,0.317951,,0
2,66,0.869333,0.825641,0.826135,,0
2,67,0.869792,0.830769,0.708827,,0
2,68,0.850515,0.841026,0.481913,,0
2,69,0.868895,0.835897,0.620030,,0
2,70,0.869333,0.810256,0.528389,,0
2,71,0.899183,0.820513,0.811301,,0
2,72,0.872521,0.789744,0.665142,,0
2,73,0.747774,0.646154,0.529802,,0
2,74,0.836634,0.799043,0.531243,,0
2,75,0.852713,0.794872,0.686499,,0
2,76,0.832335,0.712821,0.517414,,0
2,77,0.825959,0.717949,0.849543,,0
2,78,0.846348,0.821782,0.387212,,0
2,79,0.878553,0.830769,0.589384,,0
2,80,0.887139,0.820513,0.349280,,0
3,1,0.847761,0.754190,0.816174,,0
3,2,0.833876,0.715084,0.830767,,0
3,3,0.823864,0.737430,0.919530,37.25515634260152,1
3,4,0.794203,0.754190,0.805018,,0
3,5,0.831250,0.737430,0.909854,,0
3,6,0.812500,0.770950,0.859251,,0
3,7,0.790850,0.675978,0.782248,,0
3,8,0.700252,0.633028,0.675802,,0
3,9,0.792651,0.722772,0.647389,,0
3,10,0.715789,0.676617,0.789230,,0
3,11,0.774725,0.745946,0.735816,,0
3,12,0.775920,0.648045,0.729946,,0
3,13,0.829132,0.743017,0.819482,,0
3,14,0.818182,0.754190,0.605074,,0
3,15,0.850000,0.754190,0.413268,,0
3,16,0.819484,0.787709,0.748931,,0
3,17,0.748052,0.684466,0.936412,,0
3,18,0.819672,0.754011,0.692971,,0
3,19,0.640000,0.552846,0.662452,,0
3,20,0.795640,0.734043,0.516800,,0
3,21,0.758427,0.731844,0.926261,,0
3,22,0.729659,0.678218,0.926288,,0
3,23,0.851190,0.759777,0.472306,,0
3,24,0.834835,0.759777,0.496543,,0
3,25,0.776471,0.737430,0.768186,,0
3,26,0.696742,0.631818,0.600775,,0
3,27,0.742105,0.696517,0.929978,,0
3,28,0.800000,0.748603,0.857029,,0
3,29,0.716279,0.609562,0.904977,,0
3,30,0.671642,0.605381,0.732902,,0
3,31,0.764543,0.747253,0.564661,,0
3,32,0.821317,0.726257,0.833688,,0
3,33,0.796610,0.754190,0.789357,,0
3,34,0.724490,0.661972,0.324081,,0
3,35,0.738889,0.734807,0.672632,,0
3,36,0.666667,0.600897,0.844852,,0
3,37,0.797753,0.748603,0.547758,,0
3,38,0.835294,0.743017,0.707888,,0
3,39,0.823529,0.758974,0.744513,,0
3,40,0.845426,0.743017,0.888099,,0
3,41,0.815642,0.770950,0.833282,,0
3,42,0.719212,0.643172,0.841258,,0
3,43,0.805714,0.759777,0.734398,,0
3,44,0.717822,0.644444,0.769092,,0
3,45,0.691293,0.655000,0.845196,,0
3,46,0.794203,0.765363,0.720969,,0
3,47,0.771739,0.751323,0.701778,,0
3,48,0.794595,0.753927,0.778305,,0
3,49,0.831858,0.759777,0.792040,,0
3,50,0.713217,0.644144,0.431527,,0
3,51,0.703125,0.658537,0.964926,,0
3,52,0.850932,0.754190,0.378533,,0
3,53,0.775281,0.759777,0.880379,,0
3,54,0.823204,0.743169,0.746421,,0
3,55,0.844985,0.754190,0.846100,,0
3,56,0.787709,0.737430,0.768321,,0
3,57,0.738220,0.689655,0.473993,,0
3,58,0.820359,0.754190,0.402930,,0
3,59,0.844985,0.770950,0.552561,,0
3,60,0.809384,0.748603,0.760305,,0
3,61,0.811429,0.709497,0.758394,,0
3,62,0.715789,0.666667,0.542431,,0
3,63,0.743455,0.699507,0.308563,,0
3,64,0.771277,0.705584,0.898624,,0
3,65,0.836158,0.759777,0.860367,,0
3,66,0.752089,0.727778,0.390108,,0
3,67,0.766304,0.735450,0.451571,,0
3,68,0.731183,0.704663,0.902134,,0
3,69,0.750670,0.711340,0.840066,,0
3,70,0.768802,0.744444,0.864447,,0
3,71,0.820513,0.770950,0.404724,,0
3,72,0.836795,0.765363,0.862060,,0
3,73,0.791277,0.687151,0.625985,,0
3,74,0.721649,0.665072,0.824906,,0
3,75,0.770889,0.723958,0.410124,,0
3,76,0.849057,0.754190,0.963595,,0
3,77,0.848297,0.759777,0.321708,,0
3,78,0.740157,0.693069,0.914302,,0
3,79,0.792453,0.750000,0.721862,,0
3,80,0.810959,0.763441,0.669340,,0
4,1,0.820669,0.780347,0.549732,,0
4,2,0.850498,0.739884,0.587869,,0
4,3,0.687861,0.670520,0.831884,,0
4,4,0.943953,0.907514,0.952932,40.51846071069458,1
4,5,0.777070,0.705202,0.862296,,0
4,6,0.947977,0.913295,0.627533,,0
4,7,0.726667,0.630058,0.485010,,0
4,8,0.859335,0.770642,0.720654,,0
4,9,0.885333,0.821782,0.769965,,0
4,10,0.882353,0.820896,0.440617,,0
4,11,0.938547,0.908108,0.979863,,0
4,12,0.730375,0.618497,0.375566,,0
4,13,0.746439,0.713483,0.657374,,0
4,14,0.913580,0.855491,0.668661,,0
4,15,0.878981,0.797688,0.515069,,0
4,16,0.932945,0.901734,0.396578,,0
4,17,0.881266,0.810680,0.594782,,0
4,18,0.900000,0.828877,0.281541,,0
4,19,0.801909,0.682927,0.363421,,0
4,20,0.914127,0.861702,0.651383,,0
4,21,0.942857,0.915254,0.835079,,0
4,22,0.874667,0.811881,0.619103,,0
4,23,0.806061,0.763006,0.281583,,0
4,24,0.886850,0.838150,0.747607,,0
4,25,0.964072,0.930636,0.436806,,0
4,26,0.849873,0.759091,0.608586,,0
4,27,0.903743,0.840796,0.805620,,0
4,28,0.934097,0.886364,0.725330,,0
4,29,0.816038,0.689243,0.746680,,0
4,30,0.838384,0.744395,0.432817,,0
4,31,0.935211,0.906593,0.423555,,0
4,32,0.766773,0.693642,0.688221,,0
4,33,0.965517,0.937143,0.487301,,0
4,34,0.870466,0.788732,0.303394,,0
4,35,0.926554,0.906077,0.273880,,0
4,36,0.838384,0.744395,0.827450,,0
4,37,0.948571,0.920904,0.409393,,0
4,38,0.862275,0.832370,0.881279,,0
4,39,0.896739,0.835897,0.438400,,0
4,40,0.874598,0.786127,0.660637,,0
4,41,0.948864,0.910615,0.630487,,0
4,42,0.845000,0.744493,0.515108,,0
4,43,0.947674,0.913295,0.465600,,0
4,44,0.859296,0.760000,0.468222,,0
4,45,0.873995,0.815000,0.686400,,0
4,46,0.949853,0.924855,0.489473,,0
4,47,0.933702,0.894180,0.440466,,0
4,48,0.934066,0.890052,0.718917,,0
4,49,0.810811,0.780347,0.450376,,0
4,50,0.850633,0.756757,0.545664,,0
4,51,0.873016,0.804878,0.768859,,0
4,52,0.873418,0.797688,0.366052,,0
4,53,0.960000,0.937853,0.628196,,0
4,54,0.870787,0.825137,0.466077,,0
4,55,0.879257,0.820809,0.893801,,0
4,56,0.937500,0.888268,0.442179,,0
4,57,0.898936,0.832512,0.594441,,0
4,58,0.939024,0.890173,0.250255,,0
4,59,0.866873,0.809249,0.771020,,0
4,60,0.925373,0.895954,0.863324,,0
4,61,0.726744,0.705202,0.582805,,0
4,62,0.887701,0.825871,0.288022,,0
4,63,0.898936,0.832512,0.238468,,0
4,64,0.908108,0.852792,0.809378,,0
4,65,0.862069,0.828571,0.558270,,0
4,66,0.934844,0.911111,0.424079,,0
4,67,0.928177,0.888889,0.285575,,0
4,68,0.907104,0.860104,0.892868,,0
4,69,0.920981,0.865979,0.947694,,0
4,70,0.934844,0.911111,0.914721,,0
4,71,0.933333,0.907514,0.373249,,0
4,72,0.912387,0.872832,0.785024,,0
4,73,0.711111,0.647399,0.788257,,0
4,74,0.869110,0.794258,0.852310,,0
4,75,0.909589,0.859375,0.260656,,0
4,76,0.858974,0.774566,0.731973,,0
4,77,0.858044,0.786127,0.321976,,0
4,78,0.885333,0.821782,0.829289,,0
4,79,0.926027,0.880208,0.891676,,0
4,80,0.930362,0.887097,0.647702,,0
5,1,0.889632,0.801282,0.592073,,0
5,2,0.944649,0.895105,0.502021,,0
5,3,0.753165,0.670520,0.740489,,0
5,4,0.867314,0.807229,0.688307,,0
5,5,0.859155,0.811189,0.709733,35.4593001296965,1
5,6,0.860759,0.786127,0.554790,,0
5,7,0.814815,0.762238,0.582858,,0
5,8,0.764543,0.633028,0.795114,,0
5,9,0.805797,0.688119,0.734551,,0
5,10,0.773256,0.661692,0.711410,,0
5,11,0.847561,0.751351,0.690248,,0
5,12,0.821293,0.755245,0.635752,,0
5,13,0.803738,0.707865,0.457067,,0
5,14,0.897959,0.874172,0.801092,,0
5,15,0.936620,0.895105,0.898422,,0
5,16,0.875399,0.805882,0.537671,,0
5,17,0.796562,0.674757,0.586635,,0
5,18,0.842424,0.743316,0.608096,,0
5,19,0.699229,0.552846,0.408060,,0
5,20,0.839879,0.739362,0.867720,,0
5,21,0.843750,0.762712,0.610049,,0
5,22,0.776812,0.663366,0.530257,,0
5,23,0.873333,0.802548,0.714925,,0
5,24,0.895623,0.857143,0.639502,,0
5,25,0.861842,0.813665,0.440594,,0
5,26,0.749311,0.618182,0.814245,,0
5,27,0.796512,0.681592,0.603780,,0
5,28,0.833856,0.750000,0.543536,,0
5,29,0.715736,0.561753,0.601202,,0
5,30,0.726776,0.596413,0.613979,,0
5,31,0.818462,0.725275,0.767863,,0
5,32,0.869258,0.825175,0.595439,,0
5,33,0.861635,0.782857,0.464955,,0
5,34,0.769663,0.643192,0.799380,,0
5,35,0.827160,0.740331,0.461380,,0
5,36,0.726776,0.596413,0.582920,,0
5,37,0.862500,0.774011,0.692122,,0
5,38,0.894737,0.832298,0.739228,,0
5,39,0.828402,0.717949,0.478630,,0
5,40,0.939502,0.909091,0.495822,,0
5,41,0.863354,0.776536,0.499278,,0
5,42,0.745946,0.607930,0.506445,,0
5,43,0.872611,0.801170,0.518787,,0
5,44,0.750000,0.613333,0.572523,,0
5,45,0.769679,0.660000,0.559969,,0
5,46,0.873786,0.813253,0.568361,,0
5,47,0.831325,0.730159,0.511733,,0
5,48,0.832335,0.722513,0.760274,,0
5,49,0.877888,0.825000,0.726831,,0
5,50,0.767123,0.630631,0.857724,,0
5,51,0.770115,0.648780,0.617811,,0
5,52,0.930070,0.895105,0.855556,,0
5,53,0.843750,0.762712,0.489879,,0
5,54,0.871166,0.770492,0.553853,,0
5,55,0.928328,0.893333,0.653550,,0
5,56,0.838509,0.754190,0.455527,,0
5,57,0.797688,0.679803,0.864645,,0
5,58,0.906040,0.870968,0.643350,,0
5,59,0.928328,0.893333,0.656606,,0
5,60,0.872131,0.820988,0.665059,,0
5,61,0.789809,0.719298,0.446654,,0
5,62,0.796512,0.676617,0.739774,,0
5,63,0.797688,0.679803,0.848106,,0
5,64,0.817647,0.705584,0.617684,,0
5,65,0.855346,0.777143,0.464647,,0
5,66,0.842105,0.750000,0.868091,,0
5,67,0.843373,0.740741,0.702294,,0
5,68,0.803571,0.699482,0.692859,,0
5,69,0.813056,0.706186,0.732406,,0
5,70,0.842105,0.755556,0.652239,,0
5,71,0.876190,0.796512,0.884151,,0
5,72,0.910299,0.860759,0.771758,,0
5,73,0.792982,0.741259,0.664934,,0
5,74,0.772727,0.650718,0.673888,,0
5,75,0.805970,0.697917,0.724143,,0
5,76,0.936170,0.888112,0.711835,,0
5,77,0.926829,0.875000,0.784293,,0
5,78,0.794203,0.678218,0.599201,,0
5,79,0.829851,0.723958,0.708796,,0
5,80,0.838906,0.741935,0.487807,,0
6,1,0.898246,0.820513,0.707359,,0
6,2,0.980545,0.976744,0.636816,,0
6,3,0.741722,0.647399,0.771805,,0
6,4,0.867797,0.771084,0.912000,,0
6,5,0.874074,0.829787,0.852858,,0
6,6,0.854305,0.745665,0.676600,65.88910165870443,1
6,7,0.796875,0.790698,0.469200,,0
6,8,0.743516,0.591743,0.878323,,0
6,9,0.779456,0.638614,0.938024,,0
6,10,0.781818,0.641791,0.512441,,0
6,11,0.821656,0.697297,0.862331,,0
6,12,0.819277,0.790698,0.399550,,0
6,13,0.814332,0.702247,0.686842,,0
6,14,0.914286,0.847682,0.841083,,0
6,15,0.955556,0.914894,0.668673,,0
6,16,0.862876,0.758824,0.522974,,0
6,17,0.770149,0.626214,0.622906,,0
6,18,0.816456,0.689840,0.368671,,0
6,19,0.682667,0.520325,0.524977,,0
6,20,0.813880,0.686170,0.715328,,0
6,21,0.843137,0.728814,0.785987,,0
6,22,0.773414,0.633663,0.596012,,0
6,23,0.874126,0.789809,0.452527,,0
6,24,0.911661,0.837662,0.888282,,0
6,25,0.875862,0.788820,0.631394,,0
6,26,0.739255,0.586364,0.836474,,0
6,27,0.781818,0.641791,0.790172,,0
6,28,0.845902,0.732955,0.745010,,0
6,29,0.678947,0.513944,0.780364,,0
6,30,0.732955,0.578475,0.599302,,0
6,31,0.829582,0.708791,0.427190,,0
6,32,0.847584,0.792857,0.831199,,0
6,33,0.848684,0.737143,0.466170,,0
6,34,0.748538,0.600939,0.474795,,0
6,35,0.832258,0.712707,0.334275,,0
6,36,0.732955,0.578475,0.841976,,0
6,37,0.843137,0.728814,0.649102,,0
6,38,0.889655,0.801242,0.985641,,0
6,39,0.796296,0.661538,0.626164,,0
6,40,0.966292,0.934783,0.726146,,0
6,41,0.837662,0.720670,0.716311,,0
6,42,0.724719,0.568282,0.666846,,0
6,43,0.860000,0.754386,0.630007,,0
6,44,0.728814,0.573333,0.522791,,0
6,45,0.772036,0.635000,0.787822,,0
6,46,0.874576,0.777108,0.622248,,0
6,47,0.811321,0.682540,0.593592,,0
6,48,0.806250,0.675393,0.853640,,0
6,49,0.878893,0.793750,0.539466,,0
6,50,0.735043,0.581081,0.696725,,0
6,51,0.772455,0.629268,0.769780,,0
6,52,0.941176,0.895105,0.491089,,0
6,53,0.843137,0.728814,0.644447,,0
6,54,0.826923,0.704918,0.623617,,0
6,55,0.924731,0.860000,0.800435,,0
6,56,0.837662,0.720670,0.633587,,0
6,57,0.777108,0.635468,0.719140,,0
6,58,0.901408,0.825806,0.399034,,0
6,59,0.917563,0.853333,0.826689,,0
6,60,0.886598,0.796296,0.829311,,0
6,61,0.793333,0.690058,0.742099,,0
6,62,0.775758,0.636816,0.399793,,0
6,63,0.777108,0.635468,0.392071,,0
6,64,0.791411,0.654822,0.765767,,0
6,65,0.848684,0.737143,0.635026,,0
6,66,0.834951,0.716667,0.521091,,0
6,67,0.805031,0.677249,0.431278,,0
6,68,0.795031,0.663212,0.805147,,0
6,69,0.798762,0.664948,0.911620,,0
6,70,0.834951,0.716667,0.882900,,0
6,71,0.857143,0.750000,0.557703,,0
6,72,0.898955,0.816456,0.904508,,0
6,73,0.797048,0.753521,0.960521,,0
6,74,0.763314,0.617225,0.919759,,0
6,75,0.803738,0.671875,0.438094,,0
6,76,0.962687,0.928058,0.742632,,0
6,77,0.937729,0.888889,0.458426,,0
6,78,0.779456,0.638614,0.800937,,0
6,79,0.803738,0.671875,0.958666,,0
6,80,0.819048,0.693548,0.585687,,0
7,1,0.842105,0.796407,0.841800,,0
7,2,0.867797,0.766467,0.713360,,0
7,3,0.700000,0.676301,0.880480,,0
7,4,0.918919,0.886228,0.822054,,0
7,5,0.805195,0.742515,0.907209,,0
7,6,0.929412,0.895954,0.857429,,0
7,7,0.755102,0.664671,0.612996,31.324040567050197,1
7,8,0.820779,0.724771,0.761366,,0
7,9,0.850949,0.772277,0.646415,,0
7,10,0.847826,0.776119,0.618616,,0
7,11,0.903409,0.848649,0.820999,,0
7,12,0.766551,0.652695,0.628491,,0
7,13,0.771014,0.735955,0.769423,,0
7,14,0.924528,0.874251,0.680198,,0
7,15,0.889610,0.820359,0.475755,,0
7,16,0.943620,0.900000,0.549911,,0
7,17,0.852547,0.766990,0.795092,,0
7,18,0.887006,0.818182,0.547278,,0
7,19,0.760291,0.634146,0.602954,,0
7,20,0.884507,0.835106,0.595124,,0
7,21,0.895349,0.870056,0.951774,,0
7,22,0.840108,0.767327,0.761779,,0
7,23,0.820988,0.790419,0.489914,,0
7,24,0.915888,0.868263,0.592528,,0
7,25,0.926829,0.898204,0.664051,,0
7,26,0.806202,0.709091,0.621472,,0
7,27,0.875000,0.800995,0.931405,,0
7,28,0.903790,0.852273,0.843128,,0
7,29,0.784689,0.653386,0.836235,,0
7,30,0.794872,0.695067,0.658787,,0
7,31,0.888252,0.846154,0.622045,,0
7,32,0.801303,0.736527,0.709165,,0
7,33,0.929825,0.891429,0.711847,,0
7,34,0.831579,0.737089,0.434294,,0
7,35,0.890805,0.850829,0.552099,,0
7,36,0.794872,0.695067,0.898198,,0
7,37,0.930233,0.892655,0.503025,,0
7,38,0.884146,0.850299,0.800390,,0
7,39,0.889503,0.815385,0.657767,,0
7,40,0.891803,0.808383,0.884670,,0
7,41,0.924855,0.893855,0.829433,,0
7,42,0.802030,0.696035,0.683067,,0
7,43,0.911243,0.877193,0.629962,,0
7,44,0.821429,0.715556,0.673633,,0
7,45,0.828338,0.760000,0.845059,,0
7,46,0.930931,0.904192,0.637999,,0
7,47,0.893258,0.841270,0.618808,,0
7,48,0.893855,0.837696,0.835840,,0
7,49,0.831804,0.790419,0.641508,,0
7,50,0.822622,0.720721,0.503145,,0
7,51,0.838710,0.760976,0.852575,,0
7,52,0.903226,0.838323,0.477582,,0
7,53,0.918605,0.887006,0.849715,,0
7,54,0.908571,0.852459,0.664906,,0
7,55,0.902208,0.856287,0.848117,,0
7,56,0.895954,0.849162,0.630696,,0
7,57,0.870270,0.793103,0.552377,,0
7,58,0.944099,0.904192,0.376789,,0
7,59,0.889590,0.844311,0.658365,,0
7,60,0.930091,0.892216,0.832454,,0
7,61,0.739645,0.695906,0.750770,,0
7,62,0.847826,0.776119,0.486865,,0
7,63,0.854054,0.778325,0.380656,,0
7,64,0.884615,0.817259,0.881937,,0
7,65,0.877193,0.817143,0.858632,,0
7,66,0.910663,0.872222,0.428725,,0
7,67,0.893258,0.835979,0.447098,,0
7,68,0.861111,0.803109,0.871142,,0
7,69,0.880886,0.819588,0.884148,,0
7,70,0.893372,0.855556,0.953932,,0
7,71,0.926254,0.877907,0.493821,,0
7,72,0.929231,0.886228,0.846828,,0
7,73,0.731392,0.676647,0.653216,,0
7,74,0.840426,0.751196,0.938181,,0
7,75,0.869081,0.812500,0.391639,,0
7,76,0.875817,0.802395,0.852978,,0
7,77,0.887460,0.820359,0.427166,,0
7,78,0.845528,0.772277,0.900571,,0
7,79,0.896936,0.838542,0.807662,,0
7,80,0.895184,0.844086,0.840442,,0
8,1,0.873065,0.820359,0.650247,,0
8,2,0.867797,0.766467,0.854248,,0
8,3,0.752941,0.710983,0.861525,,0
8,4,0.906907,0.868263,0.862864,,0
8,5,0.824675,0.760479,0.887290,,0
8,6,0.905882,0.861272,0.788060,,0
8,7,0.782313,0.688623,0.744421,,0
8,8,0.810390,0.715596,0.637594,38.028325329422124,1
8,9,0.861789,0.787129,0.704933,,0
8,10,0.820652,0.751244,0.668015,,0
8,11,0.875000,0.827027,0.808866,,0
8,12,0.780488,0.664671,0.570351,,0
8,13,0.805797,0.741573,0.822306,,0
8,14,0.930818,0.886228,0.602193,,0
8,15,0.902597,0.826347,0.391627,,0
8,16,0.919881,0.876471,0.780773,,0
8,17,0.836461,0.757282,0.765749,,0
8,18,0.887006,0.818182,0.524835,,0
8,19,0.736077,0.617886,0.560936,,0
8,20,0.878873,0.819149,0.483366,,0
8,21,0.883721,0.853107,0.843233,,0
8,22,0.829268,0.752475,0.809325,,0
8,23,0.833333,0.784431,0.357460,,0
8,24,0.915888,0.862275,0.511933,,0
8,25,0.908537,0.892216,0.713096,,0
8,26,0.795866,0.700000,0.546370,,0
8,27,0.858696,0.786070,0.840681,,0
8,28,0.880466,0.829545,0.827124,,0
8,29,0.760766,0.633466,0.843255,,0
8,30,0.774359,0.677130,0.638209,,0
8,31,0.871060,0.835165,0.414415,,0
8,32,0.801303,0.736527,0.885070,,0
8,33,0.906433,0.874286,0.760028,,0
8,34,0.826316,0.732394,0.222378,,0
8,35,0.862069,0.828729,0.512115,,0
8,36,0.774359,0.677130,0.847206,,0
8,37,0.901163,0.864407,0.523494,,0
8,38,0.871951,0.790419,0.705248,,0
8,39,0.878453,0.810256,0.644715,,0
8,40,0.891803,0.814371,0.787215,,0
8,41,0.907514,0.871508,0.767684,,0
8,42,0.796954,0.691630,0.819488,,0
8,43,0.905325,0.871345,0.699859,,0
8,44,0.795918,0.693333,0.613926,,0
8,45,0.811989,0.745000,0.830832,,0
8,46,0.912913,0.892216,0.713355,,0
8,47,0.865169,0.814815,0.605100,,0
8,48,0.871508,0.816754,0.684459,,0
8,49,0.862385,0.796407,0.715912,,0
8,50,0.812339,0.711712,0.413147,,0
8,51,0.817204,0.741463,0.912881,,0
8,52,0.890323,0.826347,0.255173,,0
8,53,0.889535,0.853107,0.748263,,0
8,54,0.880000,0.808743,0.635695,,0
8,55,0.914826,0.856287,0.937441,,0
8,56,0.890173,0.854749,0.723335,,0
8,57,0.848649,0.773399,0.441409,,0
8,58,0.937888,0.886228,0.299526,,0
8,59,0.902208,0.850299,0.503203,,0
8,60,0.917933,0.874251,0.730151,,0
8,61,0.769231,0.690058,0.715531,,0
8,62,0.820652,0.746269,0.417077,,0
8,63,0.843243,0.768473,0.190015,,0
8,64,0.857143,0.786802,0.846096,,0
8,65,0.877193,0.794286,0.684642,,0
8,66,0.864553,0.833333,0.358515,,0
8,67,0.865169,0.814815,0.317595,,0
8,68,0.844444,0.787565,0.952487,,0
8,69,0.858726,0.798969,0.826171,,0
8,70,0.870317,0.833333,0.787038,,0
8,71,0.920354,0.877907,0.295389,,0
8,72,0.923077,0.856287,0.797780,,0
8,73,0.763754,0.688623,0.720275,,0
8,74,0.824468,0.736842,0.706559,,0
8,75,0.863510,0.807292,0.296632,,0
8,76,0.895425,0.820359,0.885232,,0
8,77,0.881029,0.820359,0.208267,,0
8,78,0.845528,0.767327,0.936620,,0
8,79,0.874652,0.812500,0.707240,,0
8,80,0.889518,0.833333,0.548309,,0
9,1,0.781870,0.700508,0.835266,,0
9,2,0.787692,0.649746,0.761589,,0
9,3,0.637838,0.598985,0.656244,,0
9,4,0.892562,0.822335,0.610267,,0
9,5,0.733728,0.624365,0.783455,,0
9,6,0.891892,0.832487,0.901396,,0
9,7,0.672840,0.553299,0.599460,,0
9,8,0.925301,0.876147,0.524677,,0
9,9,0.897243,0.871287,0.506538,40.58039600042615,1
9,10,0.954774,0.945274,0.757055,,0
9,11,0.921466,0.893401,0.448996,,0
9,12,0.681388,0.548223,0.606319,,0
9,13,0.704000,0.664975,0.769520,,0
9,14,0.856322,0.756345,0.410726,,0
9,15,0.816568,0.700508,0.379847,,0
9,16,0.861035,0.796954,0.898721,,0
9,17,0.947891,0.907767,0.700905,,0
9,18,0.854167,0.822335,0.532817,,0
9,19,0.857788,0.772358,0.732586,,0
9,20,0.909091,0.883249,0.353685,,0
9,21,0.930481,0.878173,0.735893,,0
9,22,0.937343,0.910891,0.686805,,0
9,23,0.740113,0.664975,0.524057,,0
9,24,0.843305,0.746193,0.363835,,0
9,25,0.893855,0.812183,0.850442,,0
9,26,0.906475,0.859091,0.411565,,0
9,27,0.944724,0.915423,0.704447,,0
9,28,0.879357,0.827411,0.830381,,0
9,29,0.866071,0.772908,0.741368,,0
9,30,0.895238,0.838565,0.896483,,0
9,31,0.928760,0.893401,0.645652,,0
9,32,0.712166,0.609137,0.831410,,0
9,33,0.897849,0.847716,0.730151,,0
9,34,0.917073,0.882629,0.488162,,0
9,35,0.952381,0.913706,0.505185,,0
9,36,0.900000,0.843049,0.721264,,0
9,37,0.903743,0.857868,0.426707,,0
9,38,0.810056,0.736041,0.547559,,0
9,39,0.841837,0.817259,0.910109,,0
9,40,0.817910,0.695431,0.849230,,0
9,41,0.893617,0.852792,0.862110,,0
9,42,0.905660,0.841410,0.954453,,0
9,43,0.885870,0.827411,0.881166,,0
9,44,0.919431,0.862222,0.672489,,0
9,45,0.942065,0.935000,0.882555,,0
9,46,0.898072,0.827411,0.923449,,0
9,47,0.937824,0.918782,0.800511,,0
9,48,0.917526,0.893401,0.694614,,0
9,49,0.756303,0.685279,0.860576,,0
9,50,0.911695,0.860360,0.396837,,0
9,51,0.945274,0.921951,0.771724,,0
9,52,0.811765,0.695431,0.456283,,0
9,53,0.925134,0.878173,0.732781,,0
9,54,0.815789,0.781726,0.843023,,0
9,55,0.829971,0.730964,0.652691,,0
9,56,0.904255,0.862944,0.927379,,0
9,57,0.945000,0.911330,0.427162,,0
9,58,0.863636,0.766497,0.380750,,0
9,59,0.806916,0.710660,0.424231,,0
9,60,0.885794,0.807107,0.473269,,0
9,61,0.684783,0.634518,0.803433,,0
9,62,0.954774,0.930348,0.429073,,0
9,63,0.955000,0.926108,0.393087,,0
9,64,0.954315,0.918782,0.638362,,0
9,65,0.817204,0.766497,0.757703,,0
9,66,0.938992,0.898477,0.377699,,0
9,67,0.937824,0.903553,0.472573,,0
9,68,0.964103,0.944162,0.674928,,0
9,69,0.956522,0.934010,0.590468,,0
9,70,0.923077,0.883249,0.630496,,0
9,71,0.888889,0.822335,0.442242,,0
9,72,0.850704,0.766497,0.793810,,0
9,73,0.672566,0.578680,0.524332,,0
9,74,0.935961,0.909091,0.659018,,0
9,75,0.925450,0.898477,0.408367,,0
9,76,0.803571,0.685279,0.717414,,0
9,77,0.815249,0.705584,0.469141,,0
9,78,0.947368,0.915842,0.728695,,0
9,79,0.920308,0.898477,0.508173,,0
9,80,0.887728,0.857868,0.486254,,0
10,1,0.818462,0.781065,0.933036,,0
10,2,0.861953,0.757396,0.781330,,0
10,3,0.654971,0.641618,0.658373,,0
10,4,0.949254,0.934911,0.577722,,0
10,5,0.767742,0.704142,0.743945,,0
10,6,0.947368,0.936416,0.924307,,0
10,7,0.695946,0.609467,0.551815,,0
10,8,0.873385,0.775229,0.661538,,0
10,9,0.905660,0.831683,0.465742,,0
10,10,0.908108,0.835821,0.418909,47.441488298979955,1
10,11,0.949153,0.908108,0.499325,,0
10,12,0.705882,0.603550,0.629758,,0
10,13,0.720461,0.702247,0.848323,,0
10,14,0.918750,0.863905,0.496510,,0
10,15,0.851613,0.781065,0.339367,,0
10,16,0.908555,0.900000,0.645188,,0
10,17,0.901333,0.820388,0.474284,,0
10,18,0.898876,0.855615,0.548406,,0
10,19,0.809639,0.682927,0.841997,,0
10,20,0.946779,0.898936,0.402493,,0
10,21,0.971098,0.949153,0.742209,,0
10,22,0.905660,0.831683,0.511125,,0
10,23,0.766871,0.739645,0.639992,,0
10,24,0.891641,0.852071,0.419402,,0
10,25,0.969697,0.946746,0.847715,,0
10,26,0.863753,0.763636,0.475954,,0
10,27,0.913514,0.840796,0.800846,,0
10,28,0.933333,0.903409,0.844379,,0
10,29,0.804762,0.673307,0.751186,,0
10,30,0.862245,0.757848,0.753547,,0
10,31,0.957265,0.923077,0.683840,,0
10,32,0.737864,0.674556,0.599895,,0
10,33,0.959302,0.925714,0.822283,,0
10,34,0.879581,0.788732,0.530615,,0
10,35,0.960000,0.928177,0.617955,,0
10,36,0.862245,0.757848,0.806547,,0
10,37,0.965318,0.943503,0.395324,,0
10,38,0.842424,0.822485,0.594423,,0
10,39,0.879121,0.815385,0.764558,,0
10,40,0.879479,0.792899,0.894421,,0
10,41,0.942529,0.916201,0.918652,,0
10,42,0.853535,0.744493,0.698341,,0
10,43,0.941176,0.912281,0.789167,,0
10,44,0.857868,0.751111,0.687373,,0
10,45,0.905149,0.835000,0.821942,,0
10,46,0.961194,0.952663,0.794504,,0
10,47,0.944134,0.894180,0.740819,,0
10,48,0.938889,0.884817,0.731891,,0
10,49,0.796353,0.775148,0.592520,,0
10,50,0.864450,0.761261,0.364193,,0
10,51,0.903743,0.824390,0.565041,,0
10,52,0.852564,0.786982,0.517332,,0
10,53,0.971098,0.949153,0.853868,,0
10,54,0.846591,0.814208,0.761840,,0
10,55,0.865204,0.816568,0.649754,,0
10,56,0.959770,0.927374,0.723072,,0
10,57,0.908602,0.832512,0.452914,,0
10,58,0.925926,0.887574,0.447174,,0
10,59,0.858934,0.810651,0.459837,,0
10,60,0.930514,0.911243,0.473843,,0
10,61,0.700000,0.690058,0.850606,,0
10,62,0.908108,0.835821,0.551780,,0
10,63,0.908602,0.832512,0.406939,,0
10,64,0.923497,0.857868,0.744840,,0
10,65,0.848837,0.822857,0.900001,,0
10,66,0.968481,0.938889,0.306461,,0
10,67,0.938547,0.888889,0.524421,,0
10,68,0.922652,0.865285,0.614551,,0
10,69,0.931129,0.871134,0.556320,,0
10,70,0.957020,0.927778,0.686951,,0
10,71,0.926686,0.918605,0.520076,,0
10,72,0.899083,0.863905,0.725052,,0
10,73,0.694534,0.639053,0.522061,,0
10,74,0.888889,0.803828,0.717626,,0
10,75,0.930748,0.875000,0.416762,,0
10,76,0.857143,0.781065,0.620440,,0
10,77,0.862620,0.798817,0.510918,,0
10,78,0.905660,0.831683,0.750449,,0
10,79,0.930748,0.875000,0.621647,,0
10,80,0.935211,0.892473,0.876322,,0
11,1,0.762712,0.681818,0.618551,,0
11,2,0.785276,0.646465,0.653236,,0
11,3,0.619946,0.580808,0.563349,,0
11,4,0.884615,0.813131,0.371695,,0
11,5,0.719764,0.616162,0.454067,,0
11,6,0.873315,0.818182,0.585434,,0
11,7,0.658462,0.540404,0.838678,,0
11,8,0.942308,0.899083,0.479702,,0
11,9,0.880000,0.836634,0.439859,,0
11,10,0.967419,0.945274,0.629852,,0
11,11,0.913838,0.883838,0.274752,40.03279008735188,1
11,12,0.660377,0.530303,0.910027,,0
11,13,0.680851,0.646465,0.527130,,0
11,14,0.848138,0.747475,0.438307,,0
11,15,0.802360,0.686869,0.629634,,0
11,16,0.853261,0.787879,0.684095,,0
11,17,0.950495,0.922330,0.448749,,0
11,18,0.841558,0.813131,0.888729,,0
11,19,0.887387,0.800813,0.728291,,0
11,20,0.896373,0.868687,0.594703,,0
11,21,0.928000,0.878788,0.356842,,0
11,22,0.950000,0.920792,0.526407,,0
11,23,0.721127,0.646465,0.945103,,0
11,24,0.818182,0.722222,0.363383,,0
11,25,0.891365,0.808081,0.618853,,0
11,26,0.928230,0.881818,0.605816,,0
11,27,0.957393,0.925373,0.542593,,0
11,28,0.871658,0.818182,0.453740,,0
11,29,0.881960,0.788845,0.629796,,0
11,30,0.921615,0.869955,0.699662,,0
11,31,0.926316,0.888889,0.789728,,0
11,32,0.692308,0.590909,0.361849,,0
11,33,0.890080,0.838384,0.753337,,0
11,34,0.948905,0.915493,0.772792,,0
11,35,0.939314,0.898990,0.880817,,0
11,36,0.926366,0.874439,0.333601,,0
11,37,0.896000,0.848485,0.559061,,0
11,38,0.791086,0.717172,0.384437,,0
11,39,0.829517,0.813131,0.523429,,0
11,40,0.809524,0.686869,0.470514,,0
11,41,0.880637,0.838384,0.503432,,0
11,42,0.922353,0.863436,0.491919,,0
11,43,0.878049,0.813131,0.661749,,0
11,44,0.926714,0.871111,0.818171,,0
11,45,0.969849,0.965000,0.328750,,0
11,46,0.890110,0.813131,0.670699,,0
11,47,0.930233,0.904040,0.683070,,0
11,48,0.904884,0.888889,0.367378,,0
11,49,0.743017,0.671717,0.727594,,0
11,50,0.933333,0.882883,0.639175,,0
11,51,0.967742,0.951220,0.395593,,0
11,52,0.797654,0.686869,0.782269,,0
11,53,0.917333,0.868687,0.630331,,0
11,54,0.797900,0.767677,0.694703,,0
11,55,0.804598,0.707071,0.303737,,0
11,56,0.896552,0.848485,0.483488,,0
11,57,0.972569,0.955665,0.735067,,0
11,58,0.855524,0.762626,0.880944,,0
11,59,0.804598,0.707071,0.438468,,0
11,60,0.861111,0.782828,0.251098,,0
11,61,0.661247,0.616162,0.352058,,0
11,62,0.972431,0.960199,0.872461,,0
11,63,0.957606,0.935961,0.633387,,0
11,64,0.941772,0.929293,0.580524,,0
11,65,0.793566,0.747475,0.582371,,0
11,66,0.931217,0.888889,0.614924,,0
11,67,0.930233,0.909091,0.924027,,0
11,68,0.971867,0.959596,0.422075,,0
11,69,0.948980,0.934343,0.350049,,0
11,70,0.925926,0.883838,0.317297,,0
11,71,0.870270,0.813131,0.766943,,0
11,72,0.842697,0.757576,0.625547,,0
11,73,0.652941,0.560606,0.310837,,0
11,74,0.953317,0.928230,0.317093,,0
11,75,0.923077,0.904040,0.829623,,0
11,76,0.795252,0.676768,0.593202,,0
11,77,0.801170,0.691919,0.813414,,0
11,78,0.960000,0.930693,0.393005,,0
11,79,0.912821,0.893939,0.441149,,0
11,80,0.880208,0.848485,0.489463,,0
12,1,0.894040,0.833333,0.610591,,0
12,2,0.927007,0.869863,0.763180,,0
12,3,0.783699,0.705202,0.750458,,0
12,4,0.846154,0.795181,0.526626,,0
12,5,0.871080,0.808219,0.646425,,0
12,6,0.852665,0.780347,0.696698,,0
12,7,0.813187,0.739726,0.940715,,0
12,8,0.736264,0.614679,0.465457,,0
12,9,0.816092,0.698020,0.428391,,0
12,10,0.755043,0.651741,0.876353,,0
12,11,0.809668,0.718919,0.440097,,0
12,12,0.819549,0.739726,0.920784,26.966889267574153,1
12,13,0.827160,0.730337,0.614060,,0
12,14,0.875421,0.860927,0.434954,,0
12,15,0.912892,0.869863,0.532307,,0
12,16,0.829114,0.770588,0.841757,,0
12,17,0.784091,0.665049,0.750794,,0
12,18,0.834835,0.743316,0.890177,,0
12,19,0.663265,0.528455,0.602232,,0
12,20,0.826347,0.734043,0.546893,,0
12,21,0.817337,0.745763,0.596052,,0
12,22,0.770115,0.663366,0.796416,,0
12,23,0.864686,0.777070,0.727690,,0
12,24,0.906667,0.863636,0.270428,,0
12,25,0.833876,0.795031,0.622481,,0
12,26,0.732240,0.609091,0.516055,,0
12,27,0.783862,0.676617,0.657539,,0
12,28,0.844720,0.761364,0.595613,,0
12,29,0.725441,0.573705,0.724430,,0
12,30,0.710027,0.587444,0.716948,,0
12,31,0.823171,0.736264,0.730516,,0
12,32,0.832168,0.760274,0.579881,,0
12,33,0.822430,0.754286,0.834436,,0
12,34,0.757660,0.638498,0.554798,,0
12,35,0.795107,0.718232,0.824903,,0
12,36,0.704607,0.582960,0.493298,,0
12,37,0.817337,0.740113,0.566943,,0
12,38,0.866450,0.795031,0.391346,,0
12,39,0.826979,0.717949,0.574773,,0
12,40,0.915493,0.869863,0.598903,,0
12,41,0.843077,0.759777,0.581796,,0
12,42,0.734584,0.603524,0.697408,,0
12,43,0.832808,0.766082,0.672200,,0
12,44,0.727763,0.600000,0.798461,,0
12,45,0.739884,0.640000,0.528903,,0
12,46,0.846154,0.795181,0.708216,,0
12,47,0.794030,0.703704,0.644776,,0
12,48,0.807122,0.712042,0.469938,,0
12,49,0.862745,0.762500,0.910166,,0
12,50,0.744565,0.617117,0.524685,,0
12,51,0.746439,0.639024,0.707822,,0
12,52,0.899654,0.828767,0.602287,,0
12,53,0.823529,0.751412,0.688463,,0
12,54,0.832827,0.737705,0.680189,,0
12,55,0.885135,0.853333,0.571785,,0
12,56,0.843077,0.765363,0.610231,,0
12,57,0.756447,0.645320,0.579316,,0
12,58,0.857143,0.832258,0.675763,,0
12,59,0.878378,0.820000,0.364716,,0
12,60,0.870130,0.820988,0.423530,,0
12,61,0.801262,0.719298,0.419578,,0
12,62,0.755043,0.651741,0.773752,,0
12,63,0.785100,0.674877,0.532407,,0
12,64,0.787172,0.685279,0.677983,,0
12,65,0.859813,0.777143,0.620865,,0
12,66,0.803681,0.722222,0.577936,,0
12,67,0.794030,0.703704,0.723488,,0
12,68,0.766962,0.673575,0.694100,,0
12,69,0.782353,0.685567,0.523149,,0
12,70,0.803681,0.722222,0.480355,,0
12,71,0.855346,0.784884,0.586681,,0
12,72,0.888158,0.841772,0.678401,,0
12,73,0.826389,0.760274,0.317793,,0
12,74,0.760563,0.645933,0.418358,,0
12,75,0.810651,0.713542,0.665004,,0
12,76,0.912281,0.849315,0.813110,,0
12,77,0.910345,0.863014,0.580697,,0
12,78,0.787356,0.678218,0.627588,,0
12,79,0.810651,0.713542,0.418061,,0
12,80,0.843373,0.752688,0.451432,,0
13,1,0.833837,0.777143,0.873049,,0
13,2,0.844884,0.731429,0.927071,,0
13,3,0.701149,0.657143,0.813973,,0
13,4,0.944282,0.902857,0.774573,,0
13,5,0.810127,0.731429,0.902090,,0
13,6,0.931034,0.897143,0.940998,,0
13,7,0.748344,0.640000,0.660353,,0
13,8,0.860051,0.775229,0.659447,,0
13,9,0.891247,0.816832,0.578177,,0
13,10,0.872340,0.815920,0.614472,,0
13,11,0.922222,0.897297,0.613948,,0
13,12,0.752542,0.634286,0.595018,,0
13,13,0.759207,0.730337,0.965921,36.07444761079675,1
13,14,0.901840,0.840000,0.472487,,0
13,15,0.879747,0.794286,0.277592,,0
13,16,0.915942,0.880000,0.818509,,0
13,17,0.881890,0.815534,0.682083,,0
13,18,0.906077,0.834225,0.541055,,0
13,19,0.788599,0.674797,0.776394,,0
13,20,0.914601,0.872340,0.406924,,0
13,21,0.943182,0.920904,0.883649,,0
13,22,0.880637,0.816832,0.751710,,0
13,23,0.813253,0.765714,0.420931,,0
13,24,0.887538,0.834286,0.473856,,0
13,25,0.958333,0.920000,0.902725,,0
13,26,0.855696,0.768182,0.482244,,0
13,27,0.888298,0.825871,0.877931,,0
13,28,0.917379,0.852273,0.965688,,0
13,29,0.812207,0.689243,0.898287,,0
13,30,0.824121,0.735426,0.742303,,0
13,31,0.924370,0.895604,0.505615,,0
13,32,0.787302,0.708571,0.861334,,0
13,33,0.937143,0.902857,0.812729,,0
13,34,0.881443,0.802817,0.265216,,0
13,35,0.915730,0.900552,0.547999,,0
13,36,0.829146,0.739910,0.911735,,0
13,37,0.937500,0.892655,0.437871,,0
13,38,0.863095,0.817143,0.660822,,0
13,39,0.891892,0.830769,0.836996,,0
13,40,0.862620,0.771429,0.968080,,0
13,41,0.920904,0.871508,0.971960,,0
13,42,0.845771,0.748899,0.910867,,0
13,43,0.942197,0.902857,0.872272,,0
13,44,0.840000,0.746667,0.695096,,0
13,45,0.869333,0.815000,0.939688,,0
13,46,0.938416,0.902857,0.862697,,0
13,47,0.917582,0.883598,0.787991,,0
13,48,0.907104,0.858639,0.793322,,0
13,49,0.817910,0.777143,0.721869,,0
13,50,0.851385,0.756757,0.296892,,0
13,51,0.863158,0.800000,0.824487,,0
13,52,0.874214,0.794286,0.296688,,0
13,53,0.937500,0.903955,0.885065,,0
13,54,0.865922,0.808743,0.806207,,0
13,55,0.886154,0.822857,0.831681,,0
13,56,0.937853,0.888268,0.902659,,0
13,57,0.878307,0.817734,0.362531,,0
13,58,0.933333,0.880000,0.342705,,0
13,59,0.861538,0.800000,0.468369,,0
13,60,0.919881,0.874286,0.540128,,0
13,61,0.757225,0.708571,0.942519,,0
13,62,0.872340,0.815920,0.446738,,0
13,63,0.883598,0.822660,0.217955,,0
13,64,0.892473,0.842640,0.822817,,0
13,65,0.862857,0.788571,0.877806,,0
13,66,0.929577,0.905556,0.261199,,0
13,67,0.912088,0.873016,0.385225,,0
13,68,0.891304,0.849741,0.816046,,0
13,69,0.899729,0.855670,0.692862,,0
13,70,0.923944,0.900000,0.770158,,0
13,71,0.927954,0.885714,0.314734,,0
13,72,0.906907,0.862857,0.818082,,0
13,73,0.744479,0.674286,0.658293,,0
13,74,0.869792,0.799043,0.766938,,0
13,75,0.904632,0.859375,0.329671,,0
13,76,0.859873,0.765714,0.783150,,0
13,77,0.877743,0.794286,0.263067,,0
13,78,0.885942,0.821782,0.900274,,0
13,79,0.915531,0.864583,0.691020,,0
13,80,0.941828,0.897849,0.722431,,0
14,1,0.879479,0.839744,0.644260,,0
14,2,0.917563,0.847682,0.588659,,0
14,3,0.722222,0.676301,0.623917,,0
14,4,0.914826,0.873494,0.741161,,0
14,5,0.835616,0.807947,0.715878,,0
14,6,0.907407,0.849711,0.600675,,0
14,7,0.755396,0.695364,0.382641,,0
14,8,0.802168,0.674312,0.948945,,0
14,9,0.844193,0.737624,0.848121,,0
14,10,0.829545,0.726368,0.379865,,0
14,11,0.886905,0.805405,0.765868,,0
14,12,0.767528,0.688742,0.323683,,0
14,13,0.778116,0.707865,0.591464,,0
14,14,0.960265,0.940397,0.947252,36.228321861955294,1
14,15,0.931507,0.900662,0.704453,,0
14,16,0.922118,0.864706,0.427297,,0
14,17,0.823529,0.713592,0.413023,,0
14,18,0.875740,0.791444,0.318300,,0
14,19,0.740554,0.597561,0.401895,,0
14,20,0.867257,0.781915,0.729723,,0
14,21,0.896341,0.830508,0.667197,,0
14,22,0.827195,0.722772,0.358232,,0
14,23,0.844156,0.821656,0.474053,,0
14,24,0.957377,0.928571,0.800755,,0
14,25,0.929487,0.900621,0.535340,,0
14,26,0.792453,0.668182,0.848568,,0
14,27,0.835227,0.731343,0.651804,,0
14,28,0.905199,0.840909,0.608746,,0
14,29,0.751244,0.601594,0.602230,,0
14,30,0.786096,0.659193,0.424280,,0
14,31,0.888889,0.813187,0.327393,,0
14,32,0.804124,0.768212,0.709704,,0
14,33,0.914110,0.851429,0.455338,,0
14,34,0.807692,0.690141,0.491960,,0
14,35,0.867470,0.795580,0.260397,,0
14,36,0.780749,0.654709,0.821281,,0
14,37,0.896341,0.824859,0.754882,,0
14,38,0.897436,0.850932,0.879954,,0
14,39,0.867052,0.769231,0.412102,,0
14,40,0.948097,0.907285,0.630729,,0
14,41,0.896970,0.826816,0.625182,,0
14,42,0.798942,0.665198,0.503762,,0
14,43,0.913043,0.853801,0.487406,,0
14,44,0.797872,0.666667,0.328755,,0
14,45,0.820513,0.720000,0.761490,,0
14,46,0.914826,0.873494,0.494599,,0
14,47,0.870588,0.783069,0.419829,,0
14,48,0.865497,0.774869,0.827508,,0
14,49,0.855305,0.806250,0.437407,,0
14,50,0.788204,0.662162,0.711037,,0
14,51,0.825843,0.712195,0.572421,,0
14,52,0.911565,0.874172,0.503367,,0
14,53,0.902439,0.830508,0.499647,,0
14,54,0.886228,0.797814,0.441948,,0
14,55,0.923588,0.900662,0.759499,,0
14,56,0.903030,0.832402,0.493408,,0
14,57,0.830508,0.724138,0.694069,,0
14,58,0.954248,0.941935,0.407908,,0
14,59,0.916944,0.860927,0.637802,,0
14,60,0.926518,0.888889,0.738784,,0
14,61,0.770186,0.719298,0.688618,,0
14,62,0.823864,0.721393,0.444035,,0
14,63,0.841808,0.733990,0.470010,,0
14,64,0.844828,0.746193,0.613380,,0
14,65,0.901840,0.828571,0.551307,,0
14,66,0.876133,0.805556,0.578310,,0
14,67,0.858824,0.772487,0.414225,,0
14,68,0.848837,0.756477,0.723578,,0
14,69,0.857971,0.762887,0.750952,,0
14,70,0.888218,0.816667,0.762019,,0
14,71,0.916409,0.860465,0.618141,,0
14,72,0.944984,0.905063,0.737606,,0
14,73,0.757679,0.728477,0.903759,,0
14,74,0.816667,0.703349,0.817903,,0
14,75,0.874636,0.781250,0.461382,,0
14,76,0.917241,0.874172,0.594231,,0
14,77,0.915254,0.887417,0.444853,,0
14,78,0.832861,0.727723,0.775614,,0
14,79,0.868805,0.776042,0.823248,,0
14,80,0.890208,0.806452,0.639323,,0
15,1,0.774011,0.691919,0.602971,,0
15,2,0.785276,0.646465,0.653384,,0
15,3,0.663073,0.611111,0.648792,,0
15,4,0.890110,0.818182,0.450099,,0
15,5,0.761062,0.651515,0.581835,,0
15,6,0.889488,0.828283,0.626556,,0
15,7,0.701538,0.575758,0.835874,,0
15,8,0.879808,0.834862,0.519837,,0
15,9,0.880000,0.801980,0.472982,,0
15,10,0.907268,0.890547,0.868861,,0
15,11,0.929504,0.893939,0.369830,,0
15,12,0.704403,0.565657,0.883984,,0
15,13,0.728723,0.686869,0.507891,,0
15,14,0.848138,0.747475,0.515158,,0
15,15,0.825959,0.707071,0.730053,33.12022990889765,1
15,16,0.875000,0.813131,0.801972,,0
15,17,0.905941,0.859223,0.606579,,0
15,18,0.862338,0.813131,0.851054,,0
15,19,0.828829,0.743902,0.586857,,0
15,20,0.896373,0.848485,0.675418,,0
15,21,0.928000,0.878788,0.482709,,0
15,22,0.910000,0.876238,0.613936,,0
15,23,0.777465,0.686869,0.851634,,0
15,24,0.823864,0.732323,0.307253,,0
15,25,0.891365,0.808081,0.585722,,0
15,26,0.870813,0.822727,0.592848,,0
15,27,0.922306,0.875622,0.542900,,0
15,28,0.882353,0.833333,0.509869,,0
15,29,0.855234,0.764940,0.612035,,0
15,30,0.859857,0.807175,0.747403,,0
15,31,0.921053,0.868687,0.825221,,0
15,32,0.745562,0.626263,0.531939,,0
15,33,0.911528,0.858586,0.709668,,0
15,34,0.890511,0.854460,0.768881,,0
15,35,0.939314,0.893939,0.736732,,0
15,36,0.859857,0.811659,0.422726,,0
15,37,0.917333,0.868687,0.625039,,0
15,38,0.824513,0.747475,0.404819,,0
15,39,0.865140,0.813131,0.565432,,0
15,40,0.815476,0.691919,0.504331,,0
15,41,0.896552,0.848485,0.518050,,0
15,42,0.865882,0.806167,0.624400,,0
15,43,0.888889,0.828283,0.676000,,0
15,44,0.884161,0.831111,0.748439,,0
15,45,0.894472,0.890000,0.486922,,0
15,46,0.890110,0.818182,0.730096,,0
15,47,0.940568,0.898990,0.666692,,0
15,48,0.930591,0.893939,0.490025,,0
15,49,0.776536,0.696970,0.916484,,0
15,50,0.876190,0.828829,0.712135,,0
15,51,0.898263,0.878049,0.573884,,0
15,52,0.832845,0.717172,0.791785,,0
15,53,0.922667,0.873737,0.564089,,0
15,54,0.850394,0.803030,0.697435,,0
15,55,0.833333,0.732323,0.473407,,0
15,56,0.901857,0.853535,0.591432,,0
15,57,0.922693,0.906404,0.737835,,0
15,58,0.878187,0.782828,0.813282,,0
15,59,0.816092,0.717172,0.368555,,0
15,60,0.866667,0.782828,0.363714,,0
15,61,0.710027,0.661616,0.388961,,0
15,62,0.912281,0.895522,0.836295,,0
15,63,0.912718,0.876847,0.734888,,0
15,64,0.926582,0.883838,0.559400,,0
15,65,0.831099,0.777778,0.532354,,0
15,66,0.936508,0.888889,0.784990,,0
15,67,0.935401,0.888889,0.865455,,0
15,68,0.925831,0.904040,0.585026,,0
15,69,0.933673,0.909091,0.458725,,0
15,70,0.925926,0.873737,0.393740,,0
15,71,0.881081,0.823232,0.786131,,0
15,72,0.853933,0.762626,0.673560,,0
15,73,0.700000,0.601010,0.356264,,0
15,74,0.889435,0.866029,0.387623,,0
15,75,0.917949,0.858586,0.833843,,0
15,76,0.807122,0.686869,0.700695,,0
15,77,0.812865,0.702020,0.787446,,0
15,78,0.900000,0.866337,0.514203,,0
15,79,0.923077,0.888889,0.405345,,0
15,80,0.895833,0.848485,0.397507,,0
16,1,0.876972,0.788820,0.809725,,0
16,2,0.885813,0.795031,0.688905,,0
16,3,0.778443,0.687861,0.715091,,0
16,4,0.844037,0.819277,0.547409,,0
16,5,0.867550,0.788820,0.715956,,0
16,6,0.838323,0.797688,0.741348,,0
16,7,0.826389,0.739130,0.730897,,0
16,8,0.744063,0.646789,0.431171,,0
16,9,0.809917,0.717822,0.514300,,0
16,10,0.756906,0.681592,0.831065,,0
16,11,0.826590,0.772973,0.367806,,0
16,12,0.811388,0.695652,0.810133,,0
16,13,0.831858,0.741573,0.703105,,0
16,14,0.865385,0.813665,0.303453,,0
16,15,0.900662,0.832298,0.446448,,0
16,16,0.851964,0.817647,0.797403,29.786979284994644,1
16,17,0.784741,0.699029,0.755135,,0
16,18,0.850575,0.775401,0.761361,,0
16,19,0.683047,0.565041,0.858561,,0
16,20,0.825215,0.760638,0.439667,,0
16,21,0.816568,0.779661,0.629610,,0
16,22,0.754821,0.673267,0.764709,,0
16,23,0.855346,0.770186,0.636946,,0
16,24,0.863492,0.795031,0.320841,,0
16,25,0.832298,0.832298,0.843785,,0
16,26,0.745407,0.645455,0.446195,,0
16,27,0.784530,0.701493,0.731532,,0
16,28,0.813056,0.767045,0.729443,,0
16,29,0.737864,0.605578,0.791726,,0
16,30,0.708333,0.609865,0.913809,,0
16,31,0.810496,0.758242,0.778123,,0
16,32,0.850498,0.770186,0.702625,,0
16,33,0.833333,0.800000,0.657289,,0
16,34,0.759358,0.666667,0.526372,,0
16,35,0.801170,0.756906,0.721228,,0
16,36,0.708333,0.609865,0.527493,,0
16,37,0.840237,0.790960,0.310869,,0
16,38,0.888199,0.807453,0.481590,,0
16,39,0.837079,0.758974,0.908333,,0
16,40,0.896321,0.832298,0.729605,,0
16,41,0.847059,0.798883,0.749069,,0
16,42,0.742268,0.634361,0.816251,,0
16,43,0.849398,0.818713,0.903436,,0
16,44,0.735751,0.631111,0.923620,,0
16,45,0.742382,0.670000,0.621163,,0
16,46,0.850153,0.825301,0.874862,,0
16,47,0.800000,0.735450,0.945954,,0
16,48,0.801136,0.727749,0.593522,,0
16,49,0.878505,0.807453,0.869838,,0
16,50,0.751958,0.648649,0.459683,,0
16,51,0.748634,0.668293,0.728577,,0
16,52,0.888158,0.807453,0.562112,,0
16,53,0.822485,0.785311,0.791729,,0
16,54,0.843023,0.765027,0.964391,,0
16,55,0.900322,0.857143,0.476619,,0
16,56,0.817647,0.776536,0.867894,,0
16,57,0.774725,0.689655,0.532713,,0
16,58,0.873418,0.838509,0.628619,,0
16,59,0.881029,0.813665,0.458768,,0
16,60,0.854489,0.802469,0.419611,,0
16,61,0.813253,0.707602,0.676834,,0
16,62,0.767956,0.691542,0.631610,,0
16,63,0.769231,0.689655,0.429778,,0
16,64,0.804469,0.730964,0.715885,,0
16,65,0.851190,0.777143,0.784737,,0
16,66,0.815249,0.766667,0.473807,,0
16,67,0.811429,0.746032,0.700452,,0
16,68,0.774011,0.709845,0.554452,,0
16,69,0.788732,0.716495,0.562506,,0
16,70,0.815249,0.766667,0.545327,,0
16,71,0.852853,0.819767,0.512732,,0
16,72,0.890282,0.850932,0.809939,,0
16,73,0.811881,0.732919,0.425419,,0
16,74,0.762162,0.674641,0.558737,,0
16,75,0.793201,0.718750,0.615890,,0
16,76,0.893333,0.813665,0.778424,,0
16,77,0.898361,0.832298,0.580161,,0
16,78,0.782369,0.702970,0.559370,,0
16,79,0.815864,0.744792,0.521388,,0
16,80,0.835735,0.774194,0.430968,,0
17,1,0.846154,0.769231,0.559432,,0
17,2,0.825806,0.703297,0.511829,,0
17,3,0.754930,0.708791,0.543827,,0
17,4,0.913793,0.868132,0.404532,,0
17,5,0.798762,0.703297,0.463324,,0
17,6,0.912676,0.857143,0.437239,,0
17,7,0.750809,0.631868,0.574369,,0
17,8,0.820000,0.747706,0.750999,,0
17,9,0.869792,0.801980,0.565565,,0
17,10,0.840731,0.800995,0.571154,,0
17,11,0.877384,0.832432,0.313564,,0
17,12,0.754967,0.620879,0.674418,,0
17,13,0.794444,0.736264,0.401873,,0
17,14,0.888889,0.813187,0.713355,,0
17,15,0.848297,0.752747,0.826054,,0
17,16,0.892045,0.829670,0.490659,,0
17,17,0.840206,0.781553,0.373035,42.66687342778484,1
17,18,0.894309,0.828877,0.732306,,0
17,19,0.742991,0.646341,0.469867,,0
17,20,0.897297,0.845745,0.817858,,0
17,21,0.896936,0.857143,0.372766,,0
17,22,0.859375,0.811881,0.374863,,0
17,23,0.820059,0.758242,0.844862,,0
17,24,0.892857,0.818681,0.546546,,0
17,25,0.915452,0.862637,0.459192,,0
17,26,0.805970,0.736364,0.856107,,0
17,27,0.856397,0.810945,0.435597,,0
17,28,0.899441,0.840659,0.392491,,0
17,29,0.799076,0.685259,0.510957,,0
17,30,0.785185,0.713004,0.498547,,0
17,31,0.884615,0.846154,0.648974,,0
17,32,0.782609,0.686813,0.380450,,0
17,33,0.896359,0.846154,0.444454,,0
17,34,0.835443,0.769953,0.792822,,0
17,35,0.870523,0.846154,0.588714,,0
17,36,0.785185,0.713004,0.397664,,0
17,37,0.891365,0.846154,0.808556,,0
17,38,0.845481,0.774725,0.538818,,0
17,39,0.864721,0.800000,0.383109,,0
17,40,0.862500,0.758242,0.398449,,0
17,41,0.897507,0.840659,0.419510,,0
17,42,0.811736,0.726872,0.384894,,0
17,43,0.900850,0.829670,0.486692,,0
17,44,0.800983,0.724444,0.554498,,0
17,45,0.821990,0.785000,0.373687,,0
17,46,0.908046,0.851648,0.484794,,0
17,47,0.867925,0.846561,0.488547,,0
17,48,0.873995,0.842932,0.630145,,0
17,49,0.818713,0.747253,0.608787,,0
17,50,0.821782,0.747748,0.775401,,0
17,51,0.832041,0.785366,0.342388,,0
17,52,0.836923,0.741758,0.841277,,0
17,53,0.896936,0.835165,0.437260,,0
17,54,0.854795,0.770492,0.506932,,0
17,55,0.861446,0.785714,0.338216,,0
17,56,0.919668,0.873626,0.392008,,0
17,57,0.825974,0.783251,0.794968,,0
17,58,0.890208,0.824176,0.819449,,0
17,59,0.855422,0.780220,0.465954,,0
17,60,0.912791,0.851648,0.285511,,0
17,61,0.770538,0.675824,0.397040,,0
17,62,0.835509,0.791045,0.884300,,0
17,63,0.857143,0.812808,0.864151,,0
17,64,0.849604,0.812183,0.439167,,0
17,65,0.845938,0.769231,0.432258,,0
17,66,0.883978,0.857143,0.798070,,0
17,67,0.873315,0.835979,0.832851,,0
17,68,0.848000,0.818653,0.401083,,0
17,69,0.856383,0.819588,0.381669,,0
17,70,0.883978,0.846154,0.357179,,0
17,71,0.898305,0.829670,0.919914,,0
17,72,0.894118,0.829670,0.600837,,0
17,73,0.771605,0.670330,0.517710,,0
17,74,0.838875,0.779904,0.453785,,0
17,75,0.882353,0.833333,0.872883,,0
17,76,0.859813,0.758242,0.503545,,0
17,77,0.865031,0.774725,0.775399,,0
17,78,0.859375,0.816832,0.370982,,0
17,79,0.866310,0.817708,0.556313,,0
17,80,0.896739,0.833333,0.459110,,0
18,1,0.865052,0.788462,0.538703,,0
18,2,0.904215,0.887218,0.539191,,0
18,3,0.777778,0.670520,0.768538,,0
18,4,0.822742,0.740964,0.857487,,0
18,5,0.912409,0.836879,0.795475,,0
18,6,0.810458,0.716763,0.580006,,0
18,7,0.853846,0.804511,0.518882,,0
18,8,0.712251,0.573394,0.683562,,0
18,9,0.782090,0.648515,0.831067,,0
18,10,0.724551,0.601990,0.513934,,0
18,11,0.786164,0.675676,0.950088,,0
18,12,0.853755,0.804511,0.393715,,0
18,13,0.816720,0.707865,0.567500,,0
18,14,0.845070,0.794702,0.749586,,0
18,15,0.890511,0.851064,0.528654,,0
18,16,0.805281,0.717647,0.451614,,0
18,17,0.737463,0.606796,0.701188,,0
18,18,0.818750,0.700535,0.334874,39.00489569357085,1
18,19,0.638522,0.491870,0.381276,,0
18,20,0.797508,0.680851,0.542758,,0
18,21,0.793548,0.694915,0.749720,,0
18,22,0.734328,0.608911,0.636373,,0
18,23,0.841379,0.757962,0.284872,,0
18,24,0.857143,0.798701,0.648046,,0
18,25,0.809524,0.739130,0.483491,,0
18,26,0.708215,0.568182,0.617999,,0
18,27,0.754491,0.621891,0.766558,,0
18,28,0.789644,0.687500,0.626721,,0
18,29,0.692708,0.529880,0.675374,,0
18,30,0.679775,0.542601,0.509210,,0
18,31,0.780952,0.675824,0.375202,,0
18,32,0.871795,0.807143,0.775072,,0
18,33,0.805195,0.708571,0.494738,,0
18,34,0.739884,0.600939,0.298263,,0
18,35,0.764331,0.662983,0.332192,,0
18,36,0.679775,0.542601,0.755053,,0
18,37,0.800000,0.700565,0.456095,,0
18,38,0.850340,0.770186,0.827917,,0
18,39,0.798780,0.671795,0.469579,,0
18,40,0.885609,0.869565,0.596100,,0
18,41,0.807692,0.703911,0.560596,,0
18,42,0.705556,0.559471,0.558949,,0
18,43,0.822368,0.730994,0.466110,,0
18,44,0.692737,0.551111,0.472814,,0
18,45,0.714715,0.595000,0.687651,,0
18,46,0.822742,0.740964,0.475526,,0
18,47,0.776398,0.661376,0.433655,,0
18,48,0.771605,0.654450,0.671427,,0
18,49,0.873720,0.800000,0.509528,,0
18,50,0.726761,0.581081,0.557294,,0
18,51,0.727811,0.600000,0.818260,,0
18,52,0.884058,0.846154,0.329463,,0
18,53,0.787097,0.689266,0.572848,,0
18,54,0.816456,0.704918,0.472685,,0
18,55,0.883392,0.826667,0.874939,,0
18,56,0.807692,0.698324,0.469572,,0
18,57,0.738095,0.610837,0.564244,,0
18,58,0.840278,0.780645,0.210143,,0
18,59,0.883392,0.826667,0.669792,,0
18,60,0.833898,0.759259,0.959846,,0
18,61,0.809211,0.690058,0.539484,,0
18,62,0.724551,0.601990,0.302223,,0
18,63,0.744048,0.615764,0.235782,,0
18,64,0.763636,0.634518,0.787512,,0
18,65,0.818182,0.720000,0.547239,,0
18,66,0.779553,0.672222,0.424600,,0
18,67,0.782609,0.661376,0.243356,,0
18,68,0.742331,0.626943,0.874165,,0
18,69,0.758410,0.639175,0.944304,,0
18,70,0.785942,0.677778,0.863170,,0
18,71,0.832787,0.738372,0.365883,,0
18,72,0.859107,0.791139,0.771244,,0
18,73,0.836364,0.767606,0.787809,,0
18,74,0.730994,0.598086,0.784174,,0
18,75,0.775385,0.656250,0.230582,,0
18,76,0.889706,0.856115,0.819076,,0
18,77,0.880866,0.833333,0.282611,,0
18,78,0.758209,0.628713,0.833574,,0
18,79,0.787692,0.661458,0.783728,,0
18,80,0.796238,0.682796,0.485753,,0
19,1,0.839650,0.754011,0.922543,,0
19,2,0.812698,0.684492,0.858226,,0
19,3,0.761111,0.684492,0.737530,,0
19,4,0.861190,0.791444,0.599963,,0
19,5,0.817073,0.700535,0.792166,,0
19,6,0.872222,0.823529,0.937650,,0
19,7,0.770701,0.641711,0.760831,,0
19,8,0.775309,0.720183,0.552310,,0
19,9,0.848329,0.772277,0.502081,,0
19,10,0.788660,0.761194,0.764537,,0
19,11,0.838710,0.764706,0.444765,,0
19,12,0.749186,0.614973,0.789961,,0
19,13,0.789041,0.711230,0.854427,,0
19,14,0.869822,0.780749,0.412299,,0
19,15,0.841463,0.732620,0.364367,,0
19,16,0.862745,0.759358,0.892871,,0
19,17,0.819338,0.771845,0.749329,,0
19,18,0.882353,0.807487,0.728489,,0
19,19,0.706697,0.621951,0.884275,42.78520632815224,1
19,20,0.853333,0.803191,0.383445,,0
19,21,0.851648,0.802139,0.760918,,0
19,22,0.817481,0.782178,0.769414,,0
19,23,0.790698,0.721925,0.639226,,0
19,24,0.873900,0.791444,0.353674,,0
19,25,0.867816,0.796791,0.936363,,0
19,26,0.776413,0.718182,0.460847,,0
19,27,0.814433,0.776119,0.818937,,0
19,28,0.848485,0.775401,0.856229,,0
19,29,0.771689,0.669323,0.846984,,0
19,30,0.751220,0.690583,0.908931,,0
19,31,0.850949,0.791444,0.705568,,0
19,32,0.795107,0.689840,0.780450,,0
19,33,0.856354,0.791444,0.868839,,0
19,34,0.800000,0.746479,0.487096,,0
19,35,0.831522,0.791444,0.738841,,0
19,36,0.746341,0.686099,0.733675,,0
19,37,0.857143,0.786096,0.431977,,0
19,38,0.856322,0.770053,0.535008,,0
19,39,0.848168,0.779487,0.912211,,0
19,40,0.843077,0.732620,0.904948,,0
19,41,0.857923,0.780749,0.910518,,0
19,42,0.777778,0.704846,0.918200,,0
19,43,0.860335,0.775401,0.929205,,0
19,44,0.762136,0.697778,0.846931,,0
19,45,0.780362,0.755000,0.835821,,0
19,46,0.878187,0.812834,0.928437,,0
19,47,0.835106,0.804233,0.891599,,0
19,48,0.835979,0.785340,0.681077,,0
19,49,0.835735,0.743316,0.868219,,0
19,50,0.792176,0.729730,0.389728,,0
19,51,0.790816,0.756098,0.775550,,0
19,52,0.842424,0.743316,0.489515,,0
19,53,0.851648,0.802139,0.885044,,0
19,54,0.864865,0.775401,0.920894,,0
19,55,0.860534,0.775401,0.637719,,0
19,56,0.863388,0.812834,0.921395,,0
19,57,0.805128,0.758621,0.461384,,0
19,58,0.883041,0.791444,0.527936,,0
19,59,0.842730,0.759358,0.435655,,0
19,60,0.882521,0.812834,0.479307,,0
19,61,0.782123,0.700535,0.826049,,0
19,62,0.793814,0.766169,0.591030,,0
19,63,0.800000,0.763547,0.371759,,0
19,64,0.828125,0.786802,0.767925,,0
19,65,0.839779,0.737968,0.906968,,0
19,66,0.844687,0.807487,0.364495,,0
19,67,0.829787,0.777778,0.605233,,0
19,68,0.805263,0.792746,0.682930,,0
19,69,0.813648,0.783505,0.591609,,0
19,70,0.844687,0.796791,0.654528,,0
19,71,0.874652,0.796791,0.471022,,0
19,72,0.875362,0.786096,0.821875,,0
19,73,0.784195,0.673797,0.483619,,0
19,74,0.797980,0.751196,0.662513,,0
19,75,0.833773,0.791667,0.507352,,0
19,76,0.840491,0.732620,0.800275,,0
19,77,0.851964,0.754011,0.499943,,0
19,78,0.822622,0.787129,0.761309,,0
19,79,0.844327,0.791667,0.547800,,0
19,80,0.857909,0.802139,0.636876,,0
20,1,0.868750,0.798780,0.587582,,0
20,2,0.876712,0.780488,0.596811,,0
20,3,0.777448,0.722543,0.525217,,0
20,4,0.866667,0.831325,0.361395,,0
20,5,0.859016,0.780488,0.460619,,0
20,6,0.866469,0.820809,0.582188,,0
20,7,0.817869,0.725610,0.738298,,0
20,8,0.764398,0.669725,0.513057,,0
20,9,0.830601,0.742574,0.448053,,0
20,10,0.772603,0.701493,0.648580,,0
20,11,0.830946,0.783784,0.266369,,0
20,12,0.809859,0.701220,0.830923,,0
20,13,0.836257,0.764045,0.463577,,0
20,14,0.888889,0.841463,0.520371,,0
20,15,0.904918,0.829268,0.736869,,0
20,16,0.868263,0.841176,0.702407,,0
20,17,0.794595,0.708738,0.406748,,0
20,18,0.871795,0.807487,0.809030,,0
20,19,0.697561,0.581301,0.635322,,0
20,20,0.840909,0.776596,0.670939,39.849803404362184,1
20,21,0.838710,0.807910,0.351466,,0
20,22,0.786885,0.712871,0.450640,,0
20,23,0.859813,0.792683,0.980921,,0
20,24,0.899371,0.829268,0.355921,,0
20,25,0.861538,0.847561,0.564403,,0
20,26,0.760417,0.663636,0.646355,,0
20,27,0.810959,0.736318,0.464416,,0
20,28,0.835294,0.795455,0.445698,,0
20,29,0.746988,0.617530,0.545015,,0
20,30,0.733850,0.636771,0.734371,,0
20,31,0.832370,0.785714,0.837809,,0
20,32,0.835526,0.768293,0.366165,,0
20,33,0.861357,0.828571,0.667034,,0
20,34,0.785146,0.694836,0.894685,,0
20,35,0.811594,0.773481,0.753499,,0
20,36,0.728682,0.632287,0.337972,,0
20,37,0.856305,0.819209,0.665198,,0
20,38,0.873846,0.774390,0.404325,,0
20,39,0.857939,0.784615,0.534465,,0
20,40,0.900662,0.829268,0.438580,,0
20,41,0.868805,0.815642,0.481046,,0
20,42,0.762148,0.656388,0.506918,,0
20,43,0.865672,0.824561,0.633842,,0
20,44,0.755784,0.653333,0.710896,,0
20,45,0.763736,0.695000,0.376695,,0
20,46,0.872727,0.843373,0.683844,,0
20,47,0.838527,0.783069,0.622900,,0
20,48,0.822535,0.764398,0.419683,,0
20,49,0.876543,0.804878,0.751534,,0
20,50,0.787565,0.680180,0.733529,,0
20,51,0.775068,0.697561,0.381715,,0
20,52,0.899023,0.829268,0.857850,,0
20,53,0.832845,0.796610,0.529863,,0
20,54,0.864553,0.803279,0.650736,,0
20,55,0.923567,0.865854,0.319851,,0
20,56,0.851312,0.804469,0.476728,,0
20,57,0.790191,0.714286,0.778886,,0
20,58,0.902821,0.865854,0.874551,,0
20,59,0.898089,0.823171,0.394164,,0
20,60,0.877301,0.835366,0.227021,,0
20,61,0.800000,0.707602,0.342322,,0
20,62,0.778082,0.706468,0.861223,,0
20,63,0.790191,0.714286,0.789477,,0
20,64,0.814404,0.741117,0.494746,,0
20,65,0.861357,0.782857,0.486013,,0
20,66,0.825581,0.783333,0.746493,,0
20,67,0.821530,0.767196,0.924541,,0
20,68,0.795518,0.735751,0.422810,,0
20,69,0.815642,0.752577,0.335502,,0
20,70,0.837209,0.794444,0.284734,,0
20,71,0.875000,0.837209,0.876911,,0
20,72,0.900621,0.841463,0.612807,,0
20,73,0.803922,0.725610,0.355692,,0
20,74,0.777480,0.693780,0.324478,,0
20,75,0.814607,0.755208,0.875967,,0
20,76,0.904290,0.835366,0.539739,,0
20,77,0.902597,0.835366,0.882104,,0
20,78,0.814208,0.737624,0.370465,,0
20,79,0.853933,0.776042,0.427879,,0
20,80,0.862857,0.806452,0.433016,,0
21,1,0.866873,0.814371,0.633740,,0
21,2,0.867797,0.766467,0.558337,,0
21,3,0.776471,0.710983,0.493475,,0
21,4,0.864865,0.838323,0.338027,,0
21,5,0.844156,0.766467,0.398670,,0
21,6,0.852941,0.815029,0.519804,,0
21,7,0.809524,0.712575,0.680467,,0
21,8,0.758442,0.669725,0.520971,,0
21,9,0.845528,0.767327,0.464504,,0
21,10,0.766304,0.701493,0.443592,,0
21,11,0.829545,0.789189,0.245158,,0
21,12,0.787456,0.676647,0.802967,,0
21,13,0.817391,0.730337,0.495800,,0
21,14,0.886792,0.838323,0.448897,,0
21,15,0.889610,0.814371,0.619032,,0
21,16,0.842730,0.794118,0.528842,,0
21,17,0.793566,0.703883,0.308249,,0
21,18,0.870056,0.812834,0.794922,,0
21,19,0.687651,0.577236,0.758122,,0
21,20,0.839437,0.776596,0.579177,,0
21,21,0.831395,0.807910,0.287813,41.56987105748372,1
21,22,0.785908,0.707921,0.383905,,0
21,23,0.827160,0.748503,0.933705,,0
21,24,0.884735,0.826347,0.427361,,0
21,25,0.847561,0.832335,0.606901,,0
21,26,0.754522,0.663636,0.636359,,0
21,27,0.804348,0.736318,0.507346,,0
21,28,0.851312,0.806818,0.423564,,0
21,29,0.746411,0.617530,0.578071,,0
21,30,0.723077,0.632287,0.653736,,0
21,31,0.825215,0.785714,0.775009,,0
21,32,0.840391,0.754491,0.285597,,0
21,33,0.847953,0.822857,0.634783,,0
21,34,0.778947,0.690141,0.797997,,0
21,35,0.804598,0.773481,0.810343,,0
21,36,0.723077,0.632287,0.305297,,0
21,37,0.837209,0.802260,0.495693,,0
21,38,0.865854,0.802395,0.426404,,0
21,39,0.856354,0.774359,0.512855,,0
21,40,0.891803,0.814371,0.431810,,0
21,41,0.849711,0.804469,0.488478,,0
21,42,0.756345,0.656388,0.384983,,0
21,43,0.857988,0.812865,0.626429,,0
21,44,0.750000,0.653333,0.773648,,0
21,45,0.757493,0.695000,0.271711,,0
21,46,0.858859,0.820359,0.607451,,0
21,47,0.808989,0.756614,0.666610,,0
21,48,0.804469,0.753927,0.407164,,0
21,49,0.862385,0.778443,0.567549,,0
21,50,0.776350,0.675676,0.620870,,0
21,51,0.763441,0.692683,0.264981,,0
21,52,0.864516,0.790419,0.808737,,0
21,53,0.837209,0.813559,0.599854,,0
21,54,0.857143,0.781421,0.668732,,0
21,55,0.889590,0.814371,0.226358,,0
21,56,0.843931,0.810056,0.418106,,0
21,57,0.778378,0.709360,0.734310,,0
21,58,0.875776,0.814371,0.845359,,0
21,59,0.870662,0.778443,0.489928,,0
21,60,0.863222,0.820359,0.219502,,0
21,61,0.810651,0.730994,0.379238,,0
21,62,0.777174,0.711443,0.857204,,0
21,63,0.789189,0.719212,0.661764,,0
21,64,0.796703,0.730964,0.547804,,0
21,65,0.871345,0.828571,0.569511,,0
21,66,0.812680,0.783333,0.566529,,0
21,67,0.814607,0.767196,0.889648,,0
21,68,0.788889,0.735751,0.299081,,0
21,69,0.803324,0.742268,0.314451,,0
21,70,0.824207,0.783333,0.298385,,0
21,71,0.867257,0.825581,0.799215,,0
21,72,0.880000,0.826347,0.597583,,0
21,73,0.809061,0.730539,0.357570,,0
21,74,0.781915,0.698565,0.333606,,0
21,75,0.818942,0.760417,0.791890,,0
21,76,0.875817,0.796407,0.486988,,0
21,77,0.887460,0.814371,0.830332,,0
21,78,0.796748,0.722772,0.303148,,0
21,79,0.841226,0.770833,0.495566,,0
21,80,0.849858,0.801075,0.524295,,0
22,1,0.836364,0.747126,0.796468,,0
22,2,0.801325,0.695402,0.763427,,0
22,3,0.818444,0.718391,0.681752,,0
22,4,0.758824,0.724138,0.601111,,0
22,5,0.825397,0.729885,0.683892,,0
22,6,0.772334,0.735632,0.739660,,0
22,7,0.803987,0.695402,0.756674,,0
22,8,0.668367,0.596330,0.508282,,0
22,9,0.765957,0.702970,0.600293,,0
22,10,0.677333,0.631841,0.662929,,0
22,11,0.735376,0.697297,0.407654,,0
22,12,0.809524,0.683908,0.788316,,0
22,13,0.835227,0.724719,0.772596,,0
22,14,0.775385,0.724138,0.337728,,0
22,15,0.819048,0.729885,0.484067,,0
22,16,0.773256,0.729885,0.797715,,0
22,17,0.715789,0.650485,0.557163,,0
22,18,0.797784,0.732620,0.735803,,0
22,19,0.604762,0.516260,0.925833,,0
22,20,0.767956,0.707447,0.476666,,0
22,21,0.723647,0.706215,0.547400,,0
22,22,0.691489,0.643564,0.648605,35.37172106542234,1
22,23,0.833837,0.735632,0.715988,,0
22,24,0.798780,0.735632,0.482620,,0
22,25,0.728358,0.701149,0.874505,,0
22,26,0.659898,0.590909,0.521507,,0
22,27,0.709333,0.661692,0.719191,,0
22,28,0.742857,0.693182,0.729569,,0
22,29,0.682353,0.577689,0.824503,,0
22,30,0.629723,0.560538,0.861917,,0
22,31,0.724719,0.697802,0.746181,,0
22,32,0.828025,0.735632,0.681136,,0
22,33,0.762178,0.714286,0.725777,,0
22,34,0.682171,0.619718,0.580337,,0
22,35,0.704225,0.690608,0.745143,,0
22,36,0.629723,0.560538,0.541347,,0
22,37,0.757835,0.723164,0.330622,,0
22,38,0.817910,0.729885,0.554427,,0
22,39,0.807588,0.738462,0.848036,,0
22,40,0.807692,0.724138,0.702977,,0
22,41,0.776204,0.737430,0.762607,,0
22,42,0.678304,0.599119,0.763683,,0
22,43,0.765217,0.729885,0.932002,,0
22,44,0.666667,0.591111,0.911661,,0
22,45,0.657754,0.615000,0.576524,,0
22,46,0.752941,0.729885,0.901937,,0
22,47,0.727273,0.698413,0.949116,,0
22,48,0.750685,0.706806,0.561778,,0
22,49,0.820359,0.735632,0.780359,,0
22,50,0.681818,0.608108,0.504945,,0
22,51,0.664908,0.614634,0.599380,,0
22,52,0.826498,0.747126,0.617132,,0
22,53,0.729345,0.700565,0.790879,,0
22,54,0.817927,0.743169,0.945906,,0
22,55,0.827160,0.764368,0.476868,,0
22,56,0.753541,0.703911,0.821481,,0
22,57,0.700265,0.650246,0.630096,,0
22,58,0.772036,0.724138,0.690316,,0
22,59,0.820988,0.752874,0.582723,,0
22,60,0.767857,0.735632,0.370964,,0
22,61,0.800000,0.695402,0.688886,,0
22,62,0.682667,0.636816,0.668693,,0
22,63,0.705570,0.655172,0.414541,,0
22,64,0.733154,0.680203,0.728552,,0
22,65,0.796562,0.708571,0.754660,,0
22,66,0.717514,0.700000,0.442524,,0
22,67,0.732782,0.698413,0.750757,,0
22,68,0.686649,0.652850,0.531887,,0
22,69,0.722826,0.685567,0.539242,,0
22,70,0.728814,0.711111,0.516243,,0
22,71,0.786127,0.747126,0.558126,,0
22,72,0.801205,0.741379,0.822541,,0
22,73,0.822785,0.712644,0.525221,,0
22,74,0.689295,0.626794,0.519886,,0
22,75,0.721311,0.677083,0.633099,,0
22,76,0.817891,0.735632,0.695387,,0
22,77,0.811321,0.724138,0.655314,,0
22,78,0.702128,0.653465,0.548635,,0
22,79,0.759563,0.713542,0.613899,,0
22,80,0.772222,0.715054,0.495903,,0
23,1,0.844595,0.775641,0.630274,,0
23,2,0.850746,0.814286,0.554101,,0
23,3,0.817891,0.716763,0.490267,,0
23,4,0.790850,0.716867,0.349309,,0
23,5,0.875445,0.780142,0.425864,,0
23,6,0.792332,0.710983,0.582789,,0
23,7,0.846442,0.771429,0.689002,,0
23,8,0.687151,0.564220,0.497866,,0
23,9,0.771930,0.653465,0.448131,,0
23,10,0.692082,0.582090,0.527366,,0
23,11,0.763077,0.664865,0.269674,,0
23,12,0.853846,0.771429,0.810479,,0
23,13,0.842767,0.741573,0.470954,,0
23,14,0.810997,0.774834,0.466406,,0
23,15,0.846975,0.808511,0.667669,,0
23,16,0.787097,0.717647,0.622757,,0
23,17,0.728324,0.606796,0.352567,,0
23,18,0.801223,0.700535,0.775035,,0
23,19,0.606218,0.475610,0.714722,,0
23,20,0.774390,0.675532,0.580880,,0
23,21,0.750789,0.672316,0.313305,,0
23,22,0.707602,0.594059,0.403196,,0
23,23,0.848485,0.789809,0.974377,42.549908235566036,1
23,24,0.836735,0.785714,0.395281,,0
23,25,0.764120,0.714286,0.589342,,0
23,26,0.677778,0.554545,0.608765,,0
23,27,0.739003,0.626866,0.483390,,0
23,28,0.778481,0.693182,0.439667,,0
23,29,0.690537,0.537849,0.549333,,0
23,30,0.650138,0.529148,0.739639,,0
23,31,0.757764,0.670330,0.857157,,0
23,32,0.850000,0.778571,0.321970,,0
23,33,0.774603,0.697143,0.673121,,0
23,34,0.696884,0.577465,0.898434,,0
23,35,0.728972,0.646409,0.779125,,0
23,36,0.644628,0.524664,0.314002,,0
23,37,0.788644,0.706215,0.533991,,0
23,38,0.830565,0.763975,0.421780,,0
23,39,0.800000,0.676923,0.553172,,0
23,40,0.841727,0.821429,0.440698,,0
23,41,0.789969,0.698324,0.495869,,0
23,42,0.697548,0.563877,0.459200,,0
23,43,0.784566,0.713450,0.638006,,0
23,44,0.695890,0.560000,0.744619,,0
23,45,0.676471,0.575000,0.333904,,0
23,46,0.790850,0.728916,0.669196,,0
23,47,0.741641,0.645503,0.645603,,0
23,48,0.743202,0.643979,0.405817,,0
23,49,0.840000,0.762500,0.664556,,0
23,50,0.696133,0.567568,0.670242,,0
23,51,0.689855,0.580488,0.314556,,0
23,52,0.833922,0.790210,0.870135,,0
23,53,0.757098,0.677966,0.566985,,0
23,54,0.811146,0.715847,0.667692,,0
23,55,0.848276,0.806667,0.269521,,0
23,56,0.777429,0.692737,0.443422,,0
23,57,0.705539,0.596059,0.762388,,0
23,58,0.800000,0.761290,0.820494,,0
23,59,0.820690,0.766667,0.483933,,0
23,60,0.807947,0.746914,0.249783,,0
23,61,0.823151,0.713450,0.351511,,0
23,62,0.692082,0.587065,0.834758,,0
23,63,0.711370,0.600985,0.745559,,0
23,64,0.741840,0.629442,0.519044,,0
23,65,0.812698,0.731429,0.532221,,0
23,66,0.743750,0.661111,0.628217,,0
23,67,0.747720,0.645503,0.891725,,0
23,68,0.702703,0.606218,0.350513,,0
23,69,0.736527,0.634021,0.337428,,0
23,70,0.750000,0.661111,0.307171,,0
23,71,0.801282,0.726744,0.852481,,0
23,72,0.832215,0.784810,0.615691,,0
23,73,0.843972,0.760563,0.338949,,0
23,74,0.699140,0.583732,0.337638,,0
23,75,0.753012,0.645833,0.791595,,0
23,76,0.860215,0.835714,0.505999,,0
23,77,0.845070,0.812500,0.904520,,0
23,78,0.730994,0.618812,0.328954,,0
23,79,0.765060,0.656250,0.453728,,0
23,80,0.803681,0.704301,0.482078,,0
24,1,0.891803,0.839744,0.651672,,0
24,2,0.924188,0.859060,0.653894,,0
24,3,0.770186,0.693642,0.558266,,0
24,4,0.876190,0.831325,0.369405,,0
24,5,0.875862,0.812081,0.474457,,0
24,6,0.869565,0.809249,0.591630,,0
24,7,0.818841,0.751678,0.777806,,0
24,8,0.757493,0.637615,0.517979,,0
24,9,0.826211,0.717822,0.465143,,0
24,10,0.777143,0.676617,0.580523,,0
24,11,0.838323,0.756757,0.267517,,0
24,12,0.810409,0.731544,0.873996,,0
24,13,0.825688,0.735955,0.553270,,0
24,14,0.906667,0.900662,0.483092,,0
24,15,0.924138,0.872483,0.662766,,0
24,16,0.858934,0.805882,0.660967,,0
24,17,0.800000,0.689320,0.387986,,0
24,18,0.857143,0.764706,0.857040,,0
24,19,0.688608,0.552846,0.766674,,0
24,20,0.854599,0.765957,0.641064,,0
24,21,0.846626,0.779661,0.365922,,0
24,22,0.786325,0.678218,0.463304,,0
24,23,0.849673,0.757962,0.971412,,0
24,24,0.904290,0.863636,0.356346,25.219283297001652,1
24,25,0.858065,0.826087,0.656182,,0
24,26,0.764228,0.640909,0.636025,,0
24,27,0.800000,0.691542,0.549140,,0
24,28,0.849231,0.784091,0.488008,,0
24,29,0.725000,0.577689,0.618593,,0
24,30,0.731183,0.609865,0.723221,,0
24,31,0.833837,0.758242,0.811001,,0
24,32,0.851211,0.798658,0.360879,,0
24,33,0.851852,0.788571,0.710459,,0
24,34,0.779006,0.661972,0.806190,,0
24,35,0.824242,0.751381,0.841434,,0
24,36,0.731183,0.609865,0.371031,,0
24,37,0.858896,0.785311,0.583326,,0
24,38,0.903226,0.838509,0.409536,,0
24,39,0.843023,0.743590,0.562754,,0
24,40,0.940767,0.892617,0.490778,,0
24,41,0.859756,0.787709,0.540303,,0
24,42,0.755319,0.625551,0.480422,,0
24,43,0.856250,0.801170,0.692642,,0
24,44,0.743316,0.617778,0.807065,,0
24,45,0.767908,0.670000,0.362789,,0
24,46,0.882540,0.825301,0.694538,,0
24,47,0.828402,0.740741,0.716163,,0
24,48,0.817647,0.727749,0.417299,,0
24,49,0.880259,0.787500,0.691257,,0
24,50,0.770889,0.639640,0.671883,,0
24,51,0.774011,0.668293,0.368610,,0
24,52,0.910959,0.859060,0.795460,,0
24,53,0.846626,0.779661,0.634739,,0
24,54,0.855422,0.765027,0.723184,,0
24,55,0.909699,0.860000,0.316729,,0
24,56,0.847561,0.776536,0.507411,,0
24,57,0.789773,0.684729,0.748241,,0
24,58,0.888158,0.864516,0.914373,,0
24,59,0.903010,0.853333,0.394109,,0
24,60,0.881029,0.845679,0.225036,,0
24,61,0.812500,0.748538,0.419549,,0
24,62,0.782857,0.681592,0.889385,,0
24,63,0.784091,0.679803,0.674556,,0
24,64,0.815029,0.715736,0.586531,,0
24,65,0.876543,0.800000,0.598508,,0
24,66,0.838906,0.766667,0.668488,,0
24,67,0.828402,0.740741,0.944986,,0
24,68,0.795322,0.704663,0.408085,,0
24,69,0.810496,0.716495,0.338526,,0
24,70,0.844985,0.766667,0.307585,,0
24,71,0.872274,0.808140,0.810507,,0
24,72,0.905537,0.867089,0.628132,,0
24,73,0.817869,0.771812,0.370674,,0
24,74,0.782123,0.669856,0.337309,,0
24,75,0.821114,0.729167,0.873857,,0
24,76,0.916667,0.859060,0.561842,,0
24,77,0.928328,0.872483,0.823507,,0
24,78,0.809117,0.698020,0.395671,,0
24,79,0.832845,0.739583,0.475884,,0
24,80,0.847761,0.763441,0.530978,,0
25,1,0.899023,0.839744,0.641382,,0
25,2,0.917563,0.847682,0.582475,,0
25,3,0.740741,0.682081,0.607096,,0
25,4,0.902208,0.861446,0.805683,,0
25,5,0.863014,0.814570,0.699602,,0
25,6,0.907407,0.849711,0.592500,,0
25,7,0.798561,0.735099,0.366503,,0
25,8,0.785908,0.665138,0.853579,,0
25,9,0.832861,0.727723,0.851010,,0
25,10,0.812500,0.711443,0.377346,,0
25,11,0.863095,0.783784,0.684293,,0
25,12,0.804428,0.721854,0.300790,,0
25,13,0.814590,0.747191,0.629488,,0
25,14,0.940397,0.907285,0.706518,,0
25,15,0.938356,0.900662,0.607455,,0
25,16,0.903427,0.852941,0.483652,,0
25,17,0.812325,0.703883,0.404578,,0
25,18,0.875740,0.786096,0.287948,,0
25,19,0.725441,0.585366,0.485751,,0
25,20,0.861357,0.776596,0.626836,,0
25,21,0.878049,0.807910,0.604299,,0
25,22,0.821530,0.717822,0.429952,,0
25,23,0.844156,0.789809,0.422500,,0
25,24,0.937705,0.889610,0.951866,,0
25,25,0.903846,0.875776,0.578517,36.247830047893466,1
25,26,0.787062,0.663636,0.793683,,0
25,27,0.840909,0.736318,0.619132,,0
25,28,0.874618,0.812500,0.647014,,0
25,29,0.751244,0.601594,0.696370,,0
25,30,0.759358,0.636771,0.482657,,0
25,31,0.864865,0.791209,0.342068,,0
25,32,0.838488,0.794702,0.740263,,0
25,33,0.889571,0.828571,0.401379,,0
25,34,0.818681,0.699531,0.472590,,0
25,35,0.849398,0.779006,0.252270,,0
25,36,0.764706,0.641256,0.714783,,0
25,37,0.884146,0.819209,0.577798,,0
25,38,0.903846,0.838509,0.908274,,0
25,39,0.861272,0.764103,0.542867,,0
25,40,0.934256,0.894040,0.627571,,0
25,41,0.890909,0.821229,0.648485,,0
25,42,0.777778,0.647577,0.605091,,0
25,43,0.894410,0.836257,0.595396,,0
25,44,0.771277,0.644444,0.418879,,0
25,45,0.797721,0.700000,0.672527,,0
25,46,0.908517,0.861446,0.587396,,0
25,47,0.852941,0.767196,0.537045,,0
25,48,0.853801,0.764398,0.793291,,0
25,49,0.874598,0.818750,0.455618,,0
25,50,0.793566,0.666667,0.612017,,0
25,51,0.808989,0.702439,0.549877,,0
25,52,0.931973,0.900662,0.520754,,0
25,53,0.878049,0.813559,0.525182,,0
25,54,0.874251,0.792350,0.549284,,0
25,55,0.930233,0.887417,0.619158,,0
25,56,0.884848,0.815642,0.586877,,0
25,57,0.819209,0.714286,0.685438,,0
25,58,0.934641,0.916129,0.359892,,0
25,59,0.923588,0.874172,0.874124,,0
25,60,0.907348,0.870370,0.614456,,0
25,61,0.801242,0.730994,0.692093,,0
25,62,0.818182,0.716418,0.367447,,0
25,63,0.813559,0.709360,0.399383,,0
25,64,0.839080,0.741117,0.579953,,0
25,65,0.883436,0.811429,0.516978,,0
25,66,0.870091,0.800000,0.404669,,0
25,67,0.858824,0.772487,0.403750,,0
25,68,0.831395,0.740933,0.608177,,0
25,69,0.840580,0.747423,0.728489,,0
25,70,0.876133,0.800000,0.732693,,0
25,71,0.904025,0.843023,0.543569,,0
25,72,0.932039,0.892405,0.814411,,0
25,73,0.798635,0.754967,0.887339,,0
25,74,0.805556,0.693780,0.796161,,0
25,75,0.839650,0.750000,0.385813,,0
25,76,0.910345,0.867550,0.538175,,0
25,77,0.928814,0.887417,0.492950,,0
25,78,0.827195,0.717822,0.626210,,0
25,79,0.868805,0.776042,0.877887,,0
25,80,0.878338,0.795699,0.498907,,0
26,1,0.893082,0.820988,0.516102,,0
26,2,0.882759,0.790123,0.751934,,0
26,3,0.800000,0.728324,0.719337,,0
26,4,0.853659,0.819277,0.526329,,0
26,5,0.851485,0.783951,0.614044,,0
26,6,0.859701,0.826590,0.634730,,0
26,7,0.782007,0.697531,0.915755,,0
26,8,0.752632,0.651376,0.444897,,0
26,9,0.818681,0.727723,0.425193,,0
26,10,0.771350,0.696517,0.867919,,0
26,11,0.824207,0.772973,0.420153,,0
26,12,0.822695,0.716049,0.842777,,0
26,13,0.817647,0.741573,0.571113,,0
26,14,0.875399,0.833333,0.440548,,0
26,15,0.904290,0.833333,0.500225,,0
26,16,0.849398,0.811765,0.830407,,0
26,17,0.788043,0.694175,0.756274,,0
26,18,0.865330,0.802139,0.837110,,0
26,19,0.686275,0.565041,0.489156,,0
26,20,0.828571,0.760638,0.537610,,0
26,21,0.820059,0.785311,0.577990,,0
26,22,0.780220,0.702970,0.808096,,0
26,23,0.858934,0.783951,0.641969,,0
26,24,0.892405,0.833333,0.287971,,0
26,25,0.835913,0.833333,0.554314,,0
26,26,0.743455,0.640909,0.530632,31.388077776966327,1
26,27,0.793388,0.716418,0.604080,,0
26,28,0.846154,0.806818,0.550635,,0
26,29,0.745763,0.613546,0.696867,,0
26,30,0.716883,0.618834,0.628844,,0
26,31,0.819767,0.774725,0.582141,,0
26,32,0.827815,0.753086,0.583589,,0
26,33,0.848665,0.811429,0.771288,,0
26,34,0.768000,0.676056,0.452918,,0
26,35,0.804665,0.756906,0.755464,,0
26,36,0.716883,0.618834,0.472561,,0
26,37,0.849558,0.796610,0.639499,,0
26,38,0.879257,0.814815,0.382813,,0
26,39,0.851541,0.764103,0.504298,,0
26,40,0.906667,0.833333,0.555337,,0
26,41,0.862170,0.798883,0.521133,,0
26,42,0.760925,0.651982,0.692217,,0
26,43,0.852853,0.807018,0.600704,,0
26,44,0.754522,0.644444,0.704693,,0
26,45,0.745856,0.675000,0.506848,,0
26,46,0.853659,0.825301,0.636600,,0
26,47,0.820513,0.761905,0.553729,,0
26,48,0.815864,0.753927,0.428538,,0
26,49,0.838509,0.734568,0.868525,,0
26,50,0.760417,0.657658,0.497243,,0
26,51,0.757493,0.678049,0.721066,,0
26,52,0.904918,0.839506,0.491275,,0
26,53,0.843658,0.802260,0.620075,,0
26,54,0.857971,0.781421,0.591840,,0
26,55,0.891026,0.820988,0.556154,,0
26,56,0.844575,0.798883,0.576397,,0
26,57,0.783562,0.704433,0.527729,,0
26,58,0.876972,0.839506,0.622514,,0
26,59,0.910256,0.839506,0.332763,,0
26,60,0.876543,0.839506,0.390897,,0
26,61,0.810811,0.725146,0.373564,,0
26,62,0.771350,0.696517,0.693690,,0
26,63,0.800000,0.719212,0.449967,,0
26,64,0.802228,0.725888,0.619903,,0
26,65,0.860534,0.788571,0.536363,,0
26,66,0.818713,0.772222,0.537435,,0
26,67,0.820513,0.756614,0.647559,,0
26,68,0.783099,0.720207,0.697557,,0
26,69,0.803371,0.737113,0.500290,,0
26,70,0.824561,0.766667,0.447158,,0
26,71,0.880240,0.837209,0.506299,,0
26,72,0.881250,0.827160,0.636646,,0
26,73,0.835526,0.746914,0.334072,,0
26,74,0.781671,0.688995,0.392075,,0
26,75,0.819209,0.755208,0.623405,,0
26,76,0.890365,0.827160,0.784131,,0
26,77,0.888889,0.808642,0.466916,,0
26,78,0.791209,0.707921,0.612835,,0
26,79,0.836158,0.765625,0.403507,,0
26,80,0.850575,0.790323,0.361026,,0
27,1,0.800000,0.716495,0.809485,,0
27,2,0.795031,0.659794,0.827910,,0
27,3,0.670300,0.634021,0.893364,,0
27,4,0.894444,0.829897,0.832457,,0
27,5,0.770149,0.664948,0.917168,,0
27,6,0.904632,0.850515,0.872849,,0
27,7,0.716511,0.592784,0.698390,,0
27,8,0.902913,0.853211,0.712424,,0
27,9,0.888889,0.826733,0.631185,,0
27,10,0.921519,0.900498,0.614686,,0
27,11,0.918206,0.876289,0.817225,,0
27,12,0.707006,0.572165,0.630246,,0
27,13,0.736559,0.690722,0.854745,,0
27,14,0.863768,0.762887,0.628140,,0
27,15,0.817910,0.706186,0.360352,,0
27,16,0.879121,0.819588,0.632549,,0
27,17,0.920000,0.893204,0.796184,,0
27,18,0.871391,0.829897,0.559160,,0
27,19,0.827273,0.739837,0.628102,,0
27,20,0.916230,0.871134,0.511905,,0
27,21,0.938005,0.896907,0.958396,,0
27,22,0.934343,0.910891,0.805193,,0
27,23,0.763533,0.690722,0.404901,,0
27,24,0.850575,0.757732,0.523817,,0
27,25,0.901408,0.824742,0.726361,,0
27,26,0.888889,0.827273,0.554067,,0
27,27,0.936709,0.910448,0.955121,24.895898962564857,1
27,28,0.870270,0.829897,0.874694,,0
27,29,0.853933,0.752988,0.878056,,0
27,30,0.872902,0.816143,0.619993,,0
27,31,0.936170,0.896907,0.492290,,0
27,32,0.742515,0.639175,0.775546,,0
27,33,0.915989,0.871134,0.799209,,0
27,34,0.914005,0.868545,0.258356,,0
27,35,0.944000,0.912371,0.581686,,0
27,36,0.872902,0.816143,0.935546,,0
27,37,0.932615,0.886598,0.483688,,0
27,38,0.822535,0.747423,0.741303,,0
27,39,0.853470,0.805128,0.644314,,0
27,40,0.819277,0.695876,0.911962,,0
27,41,0.906166,0.865979,0.858405,,0
27,42,0.888361,0.814978,0.736672,,0
27,43,0.898630,0.845361,0.670045,,0
27,44,0.883055,0.822222,0.673412,,0
27,45,0.913706,0.900000,0.876270,,0
27,46,0.911111,0.845361,0.663898,,0
27,47,0.939948,0.896907,0.632382,,0
27,48,0.929870,0.907216,0.772499,,0
27,49,0.796610,0.716495,0.646911,,0
27,50,0.889423,0.828829,0.397325,,0
27,51,0.917293,0.892683,0.892167,,0
27,52,0.824926,0.716495,0.308126,,0
27,53,0.932615,0.876289,0.880682,,0
27,54,0.843501,0.804124,0.664980,,0
27,55,0.837209,0.742268,0.911107,,0
27,56,0.911528,0.865979,0.686515,,0
27,57,0.921914,0.891626,0.445834,,0
27,58,0.882521,0.793814,0.336374,,0
27,59,0.837209,0.742268,0.551191,,0
27,60,0.887640,0.814433,0.797283,,0
27,61,0.712329,0.649485,0.790608,,0
27,62,0.916456,0.900498,0.444726,,0
27,63,0.926952,0.896552,0.202249,,0
27,64,0.936061,0.893401,0.915100,,0
27,65,0.818428,0.773196,0.876376,,0
27,66,0.946524,0.902062,0.329693,,0
27,67,0.934726,0.902062,0.374778,,0
27,68,0.930233,0.902062,0.929267,,0
27,69,0.943299,0.912371,0.857292,,0
27,70,0.930481,0.886598,0.921354,,0
27,71,0.890710,0.840206,0.337027,,0
27,72,0.863636,0.773196,0.814991,,0
27,73,0.696429,0.603093,0.654203,,0
27,74,0.908189,0.866029,0.869182,,0
27,75,0.937824,0.891753,0.322452,,0
27,76,0.822823,0.706186,0.883501,,0
27,77,0.816568,0.711340,0.260150,,0
27,78,0.919192,0.896040,0.976038,,0
27,79,0.932642,0.891753,0.762949,,0
27,80,0.900000,0.855670,0.820964,,0
28,1,0.780627,0.702564,0.790794,,0
28,2,0.792570,0.656410,0.886829,,0
28,3,0.630435,0.589744,0.926294,,0
28,4,0.886427,0.815385,0.811756,,0
28,5,0.726190,0.625641,0.892080,,0
28,6,0.885870,0.830769,0.851591,,0
28,7,0.652174,0.538462,0.783678,,0
28,8,0.929782,0.880734,0.552597,,0
28,9,0.881612,0.861386,0.550165,,0
28,10,0.969697,0.950249,0.598060,,0
28,11,0.915789,0.892308,0.675075,,0
28,12,0.653968,0.528205,0.739157,,0
28,13,0.686327,0.651282,0.928487,,0
28,14,0.855491,0.758974,0.396261,,0
28,15,0.803571,0.692308,0.277015,,0
28,16,0.854795,0.800000,0.695984,,0
28,17,0.952618,0.917476,0.748578,,0
28,18,0.848168,0.825641,0.676344,,0
28,19,0.861678,0.772358,0.793716,,0
28,20,0.898172,0.876923,0.481208,,0
28,21,0.924731,0.882051,0.883074,,0
28,22,0.967254,0.935644,0.872241,,0
28,23,0.727273,0.656410,0.493320,,0
28,24,0.836676,0.748718,0.447373,,0
28,25,0.904494,0.825641,0.803904,,0
28,26,0.915663,0.863636,0.487140,,0
28,27,0.959596,0.925373,0.952738,,0
28,28,0.878706,0.835897,0.923796,31.683003728074684,1
28,29,0.874439,0.776892,0.961495,,0
28,30,0.913876,0.856502,0.716125,,0
28,31,0.928382,0.897436,0.615146,,0
28,32,0.692537,0.594872,0.688101,,0
28,33,0.891892,0.846154,0.808025,,0
28,34,0.936275,0.892019,0.271774,,0
28,35,0.941489,0.907692,0.720582,,0
28,36,0.909091,0.852018,0.806129,,0
28,37,0.897849,0.856410,0.362197,,0
28,38,0.780899,0.712821,0.646024,,0
28,39,0.830769,0.820513,0.767012,,0
28,40,0.816817,0.697436,0.887198,,0
28,41,0.877005,0.841026,0.876403,,0
28,42,0.924171,0.859031,0.759833,,0
28,43,0.868852,0.815385,0.791615,,0
28,44,0.919048,0.857778,0.856049,,0
28,45,0.956962,0.945000,0.725991,,0
28,46,0.886427,0.820513,0.757325,,0
28,47,0.937500,0.923077,0.781073,,0
28,48,0.917098,0.897436,0.668954,,0
28,49,0.749296,0.676923,0.656542,,0
28,50,0.916067,0.860360,0.312369,,0
28,51,0.955000,0.926829,0.840795,,0
28,52,0.792899,0.682051,0.325158,,0
28,53,0.913978,0.871795,0.965512,,0
28,54,0.798942,0.774359,0.796645,,0
28,55,0.805797,0.712821,0.784307,,0
28,56,0.903743,0.866667,0.731502,,0
28,57,0.959799,0.931034,0.416914,,0
28,58,0.857143,0.769231,0.459016,,0
28,59,0.800000,0.707692,0.530245,,0
28,60,0.873950,0.800000,0.559895,,0
28,61,0.672131,0.625641,0.770622,,0
28,62,0.959596,0.945274,0.547661,,0
28,63,0.959799,0.931034,0.195664,,0
28,64,0.938776,0.908629,0.957173,,0
28,65,0.805405,0.753846,0.873262,,0
28,66,0.928000,0.892308,0.280113,,0
28,67,0.927083,0.912821,0.489234,,0
28,68,0.974227,0.953846,0.822761,,0
28,69,0.946015,0.928205,0.743241,,0
28,70,0.917333,0.882051,0.772477,,0
28,71,0.871935,0.820513,0.324334,,0
28,72,0.832861,0.753846,0.810424,,0
28,73,0.664688,0.574359,0.569434,,0
28,74,0.955446,0.923445,0.720981,,0
28,75,0.935401,0.917949,0.405257,,0
28,76,0.790419,0.676923,0.853314,,0
28,77,0.796460,0.692308,0.296819,,0
28,78,0.957179,0.925743,0.824675,,0
28,79,0.909561,0.892308,0.758190,,0
28,80,0.881890,0.856410,0.761169,,0
29,1,0.859935,0.775641,0.865670,,0
29,2,0.910394,0.841060,0.892421,,0
29,3,0.777778,0.705202,0.911001,,0
29,4,0.839117,0.789157,0.839190,,0
29,5,0.856164,0.788079,0.941927,,0
29,6,0.827160,0.774566,0.905198,,0
29,7,0.827338,0.748344,0.748615,,0
29,8,0.726287,0.614679,0.668163,,0
29,9,0.793201,0.688119,0.651307,,0
29,10,0.732955,0.641791,0.751198,,0
29,11,0.797619,0.724324,0.682166,,0
29,12,0.826568,0.735099,0.697745,,0
29,13,0.832827,0.752809,0.917463,,0
29,14,0.860927,0.814570,0.516041,,0
29,15,0.890411,0.827815,0.375563,,0
29,16,0.847352,0.800000,0.801303,,0
29,17,0.773109,0.669903,0.853195,,0
29,18,0.828402,0.743316,0.650683,,0
29,19,0.670025,0.540650,0.760593,,0
29,20,0.825959,0.744681,0.511771,,0
29,21,0.804878,0.745763,0.930919,,0
29,22,0.747875,0.653465,0.899287,,0
29,23,0.876623,0.808917,0.469445,,0
29,24,0.859016,0.811688,0.544280,,0
29,25,0.814103,0.788820,0.860410,,0
29,26,0.733154,0.613636,0.576385,,0
29,27,0.772727,0.671642,0.938133,,0
29,28,0.801223,0.732955,0.944253,,0
29,29,0.706468,0.565737,0.962689,44.84054973166602,1
29,30,0.689840,0.578475,0.778888,,0
29,31,0.792793,0.725275,0.570634,,0
29,32,0.865979,0.774834,0.867966,,0
29,33,0.828221,0.771429,0.778679,,0
29,34,0.747253,0.638498,0.314575,,0
29,35,0.777108,0.712707,0.635989,,0
29,36,0.695187,0.582960,0.874883,,0
29,37,0.829268,0.768362,0.490340,,0
29,38,0.858974,0.807453,0.728572,,0
29,39,0.826590,0.733333,0.848361,,0
29,40,0.892734,0.827815,0.949480,,0
29,41,0.842424,0.765363,0.924057,,0
29,42,0.730159,0.607930,0.908683,,0
29,43,0.850932,0.795322,0.852882,,0
29,44,0.712766,0.595556,0.802271,,0
29,45,0.729345,0.640000,0.880459,,0
29,46,0.839117,0.795181,0.830746,,0
29,47,0.800000,0.714286,0.816849,,0
29,48,0.795322,0.712042,0.801850,,0
29,49,0.874598,0.812500,0.787648,,0
29,50,0.739946,0.621622,0.400868,,0
29,51,0.730337,0.634146,0.933452,,0
29,52,0.904762,0.854305,0.365667,,0
29,53,0.804878,0.734463,0.922736,,0
29,54,0.844311,0.765027,0.845546,,0
29,55,0.897010,0.834437,0.820105,,0
29,56,0.812121,0.748603,0.879680,,0
29,57,0.762712,0.665025,0.467217,,0
29,58,0.862745,0.832258,0.432449,,0
29,59,0.890365,0.827815,0.585111,,0
29,60,0.837061,0.808642,0.646506,,0
29,61,0.807453,0.713450,0.867795,,0
29,62,0.750000,0.651741,0.509612,,0
29,63,0.751412,0.655172,0.265012,,0
29,64,0.793103,0.695431,0.895381,,0
29,65,0.846626,0.748571,0.890450,,0
29,66,0.785498,0.722222,0.351327,,0
29,67,0.800000,0.719577,0.478827,,0
29,68,0.761628,0.678756,0.863170,,0
29,69,0.788406,0.701031,0.801345,,0
29,70,0.809668,0.744444,0.841585,,0
29,71,0.842105,0.784884,0.377390,,0
29,72,0.867314,0.829114,0.900048,,0
29,73,0.819113,0.735099,0.671780,,0
29,74,0.744444,0.641148,0.831253,,0
29,75,0.793003,0.703125,0.426742,,0
29,76,0.903448,0.854305,0.899681,,0
29,77,0.888136,0.834437,0.331555,,0
29,78,0.764873,0.658416,0.889752,,0
29,79,0.816327,0.729167,0.769096,,0
29,80,0.824926,0.747312,0.685208,,0
30,1,0.844444,0.730769,0.403946,,0
30,2,0.900826,0.851562,0.497782,,0
30,3,0.787456,0.653179,0.569593,,0
30,4,0.807143,0.680723,0.618137,,0
30,5,0.878431,0.794326,0.565949,,0
30,6,0.773519,0.641618,0.413392,,0
30,7,0.863071,0.787402,0.386679,,0
30,8,0.680723,0.518349,0.776439,,0
30,9,0.721519,0.564356,0.675922,,0
30,10,0.704762,0.552239,0.297020,,0
30,11,0.749164,0.605405,0.618222,,0
30,12,0.863248,0.808333,0.334263,,0
30,13,0.780822,0.640449,0.432764,,0
30,14,0.845283,0.741722,0.866840,,0
30,15,0.870588,0.787234,0.699080,,0
30,16,0.774648,0.647059,0.291327,,0
30,17,0.712500,0.553398,0.321386,,0
30,18,0.757475,0.609626,0.359408,,0
30,19,0.616667,0.451220,0.228444,,0
30,20,0.748344,0.601064,0.826397,,0
30,21,0.769759,0.632768,0.550894,,0
30,22,0.702532,0.549505,0.333897,,0
30,23,0.826568,0.713376,0.543402,,0
30,24,0.828358,0.720779,0.666077,,0
30,25,0.800000,0.683230,0.303797,,0
30,26,0.676647,0.513636,0.849491,,0
30,27,0.711111,0.552239,0.520943,,0
30,28,0.779310,0.642045,0.453554,,0
30,29,0.624658,0.454183,0.498146,,0
30,30,0.658754,0.497758,0.279349,50.08432461429389,1
30,31,0.770270,0.626374,0.287477,,0
30,32,0.874016,0.785714,0.403838,,0
30,33,0.775087,0.640000,0.326357,,0
30,34,0.691131,0.530516,0.486939,,0
30,35,0.752542,0.613260,0.289957,,0
30,36,0.658754,0.497758,0.623813,,0
30,37,0.776632,0.638418,0.868797,,0
30,38,0.821818,0.701863,0.732107,,0
30,39,0.737864,0.584615,0.215895,,0
30,40,0.880952,0.804348,0.439740,,0
30,41,0.771331,0.631285,0.415960,,0
30,42,0.668622,0.502203,0.288613,,0
30,43,0.778947,0.649123,0.280297,,0
30,44,0.666667,0.502222,0.269753,,0
30,45,0.700637,0.550000,0.491329,,0
30,46,0.800000,0.674699,0.295003,,0
30,47,0.739274,0.592593,0.238069,,0
30,48,0.727869,0.581152,0.599527,,0
30,49,0.824818,0.706250,0.291822,,0
30,50,0.678571,0.513514,0.721743,,0
30,51,0.695925,0.541463,0.454256,,0
30,52,0.863813,0.776224,0.447491,,0
30,53,0.776632,0.638418,0.396175,,0
30,54,0.767677,0.622951,0.264182,,0
30,55,0.833333,0.733333,0.579836,,0
30,56,0.778157,0.636872,0.235419,,0
30,57,0.706625,0.551724,0.670038,,0
30,58,0.817844,0.709677,0.540463,,0
30,59,0.856061,0.753333,0.469038,,0
30,60,0.811594,0.691358,0.499646,,0
30,61,0.800000,0.666667,0.421148,,0
30,62,0.704762,0.552239,0.483582,,0
30,63,0.712934,0.556650,0.475161,,0
30,64,0.726688,0.573604,0.522935,,0
30,65,0.788927,0.651429,0.355644,,0
30,66,0.755102,0.616667,0.641024,,0
30,67,0.739274,0.592593,0.495260,,0
30,68,0.729642,0.580311,0.617030,,0
30,69,0.727273,0.577320,0.578527,,0
30,70,0.768707,0.627778,0.550238,,0
30,71,0.797203,0.662791,0.626241,,0
30,72,0.816176,0.702532,0.558861,,0
30,73,0.843750,0.760563,0.748076,,0
30,74,0.699690,0.540670,0.625221,,0
30,75,0.745098,0.593750,0.595011,,0
30,76,0.869565,0.791367,0.465043,,0
30,77,0.860465,0.770833,0.402431,,0
30,78,0.715190,0.559406,0.573249,,0
30,79,0.738562,0.588542,0.749337,,0
30,80,0.753333,0.607527,0.555188,,0
31,1,0.819444,0.743590,0.729860,,0
31,2,0.784615,0.772727,0.532996,,0
31,3,0.813115,0.710983,0.695732,,0
31,4,0.738255,0.662651,0.490404,,0
31,5,0.835165,0.773050,0.626080,,0
31,6,0.747541,0.653179,0.594787,,0
31,7,0.849421,0.772727,0.692782,,0
31,8,0.640000,0.513761,0.456309,,0
31,9,0.742515,0.608911,0.462547,,0
31,10,0.642643,0.532338,0.753635,,0
31,11,0.706625,0.605405,0.384637,,0
31,12,0.865079,0.772727,0.842725,,0
31,13,0.819355,0.702247,0.559097,,0
31,14,0.756184,0.701987,0.312583,,0
31,15,0.805861,0.773050,0.552160,,0
31,16,0.735099,0.652941,0.557704,,0
31,17,0.668639,0.543689,0.643704,,0
31,18,0.764890,0.647059,0.779198,,0
31,19,0.566138,0.434959,0.750712,,0
31,20,0.743750,0.617021,0.570588,,0
31,21,0.692557,0.604520,0.552702,,0
31,22,0.670659,0.554455,0.648107,,0
31,23,0.795848,0.732484,0.684949,,0
31,24,0.783217,0.720779,0.354205,,0
31,25,0.703072,0.639752,0.646192,,0
31,26,0.625000,0.500000,0.472937,,0
31,27,0.672673,0.557214,0.681657,,0
31,28,0.714286,0.625000,0.581532,,0
31,29,0.642298,0.490040,0.706105,,0
31,30,0.597183,0.470852,0.743513,,0
31,31,0.687898,0.593407,0.851108,42.468629885371165,1
31,32,0.830882,0.771429,0.481882,,0
31,33,0.723127,0.634286,0.561506,,0
31,34,0.655072,0.530516,0.611256,,0
31,35,0.670927,0.574586,0.720890,,0
31,36,0.591549,0.470852,0.426181,,0
31,37,0.731392,0.632768,0.243211,,0
31,38,0.778157,0.695652,0.462614,,0
31,39,0.758410,0.635897,0.688466,,0
31,40,0.792593,0.768116,0.587462,,0
31,41,0.739550,0.642458,0.596443,,0
31,42,0.646240,0.511013,0.544204,,0
31,43,0.739274,0.654971,0.728391,,0
31,44,0.633053,0.502222,0.906337,,0
31,45,0.620482,0.515000,0.425250,,0
31,46,0.731544,0.650602,0.696001,,0
31,47,0.697819,0.592593,0.842534,,0
31,48,0.699690,0.591623,0.548456,,0
31,49,0.794521,0.712500,0.759712,,0
31,50,0.649718,0.513514,0.551697,,0
31,51,0.629080,0.517073,0.571676,,0
31,52,0.785455,0.741259,0.710043,,0
31,53,0.705502,0.615819,0.719056,,0
31,54,0.787302,0.677596,0.848407,,0
31,55,0.787234,0.733333,0.380870,,0
31,56,0.726688,0.631285,0.630984,,0
31,57,0.656716,0.541872,0.650785,,0
31,58,0.745645,0.690323,0.730951,,0
31,59,0.780142,0.726667,0.529758,,0
31,60,0.755102,0.679012,0.431428,,0
31,61,0.798680,0.690058,0.502397,,0
31,62,0.642643,0.532338,0.719975,,0
31,63,0.674627,0.556650,0.536810,,0
31,64,0.686930,0.568528,0.678766,,0
31,65,0.749186,0.651429,0.715681,,0
31,66,0.685897,0.588889,0.584588,,0
31,67,0.691589,0.587302,0.804541,,0
31,68,0.652308,0.549223,0.471125,,0
31,69,0.674847,0.567010,0.544976,,0
31,70,0.698718,0.605556,0.534775,,0
31,71,0.763158,0.674419,0.625162,,0
31,72,0.765517,0.702532,0.737391,,0
31,73,0.839416,0.753521,0.325243,,0
31,74,0.651026,0.531100,0.536304,,0
31,75,0.691358,0.583333,0.709193,,0
31,76,0.797048,0.769784,0.698188,,0
31,77,0.811594,0.763889,0.714311,,0
31,78,0.676647,0.554455,0.445494,,0
31,79,0.728395,0.614583,0.527339,,0
31,80,0.735849,0.629032,0.515162,,0
32,1,0.853659,0.784884,0.900588,,0
32,2,0.853333,0.744186,0.809698,,0
32,3,0.747826,0.682081,0.689433,,0
32,4,0.905325,0.872093,0.572826,,0
32,5,0.830671,0.750000,0.748997,,0
32,6,0.904348,0.855491,0.882514,,0
32,7,0.775920,0.674419,0.729596,,0
32,8,0.805128,0.720183,0.535603,,0
32,9,0.855615,0.777228,0.533749,,0
32,10,0.815013,0.756219,0.726879,,0
32,11,0.873950,0.837838,0.403521,,0
32,12,0.773973,0.656977,0.789156,,0
32,13,0.800000,0.747191,0.820654,,0
32,14,0.910217,0.843023,0.387853,,0
32,15,0.888179,0.808140,0.453071,,0
32,16,0.912281,0.860465,0.883815,,0
32,17,0.841270,0.771845,0.627122,,0
32,18,0.891365,0.834225,0.719808,,0
32,19,0.736842,0.626016,0.934572,,0
32,20,0.872222,0.824468,0.431388,,0
32,21,0.882521,0.864407,0.656336,,0
32,22,0.818182,0.757426,0.665273,,0
32,23,0.851064,0.796512,0.722657,,0
32,24,0.907975,0.843023,0.370722,,0
32,25,0.894895,0.860465,0.939873,,0
32,26,0.795918,0.704545,0.471687,,0
32,27,0.847185,0.781095,0.755762,,0
32,28,0.885057,0.835227,0.817251,,0
32,29,0.775414,0.653386,0.807308,,0
32,30,0.764557,0.677130,0.951146,,0
32,31,0.864407,0.835165,0.797654,,0
32,32,0.820513,0.738372,0.742451,39.48454733658498,1
32,33,0.899135,0.868571,0.810408,,0
32,34,0.815584,0.732394,0.609864,,0
32,35,0.861190,0.834254,0.721839,,0
32,36,0.769620,0.681614,0.654387,,0
32,37,0.893983,0.853107,0.383704,,0
32,38,0.882883,0.802326,0.528612,,0
32,39,0.882834,0.815385,0.932912,,0
32,40,0.883871,0.796512,0.825592,,0
32,41,0.905983,0.865922,0.871659,,0
32,42,0.796992,0.700441,0.871451,,0
32,43,0.903790,0.843023,0.971244,,0
32,44,0.790932,0.697778,0.873009,,0
32,45,0.806452,0.750000,0.757274,,0
32,46,0.905325,0.866279,0.973351,,0
32,47,0.864266,0.825397,0.949463,,0
32,48,0.870523,0.821990,0.650296,,0
32,49,0.843373,0.773256,0.862375,,0
32,50,0.812183,0.720721,0.471547,,0
32,51,0.811671,0.746341,0.673486,,0
32,52,0.895238,0.813953,0.606495,,0
32,53,0.882521,0.853107,0.831584,,0
32,54,0.873239,0.792350,0.966861,,0
32,55,0.900621,0.837209,0.568264,,0
32,56,0.877493,0.837989,0.912147,,0
32,57,0.837333,0.773399,0.555502,,0
32,58,0.929664,0.872093,0.620442,,0
32,59,0.881988,0.813953,0.462267,,0
32,60,0.904192,0.848837,0.407732,,0
32,61,0.787172,0.703488,0.794866,,0
32,62,0.831099,0.771144,0.646983,,0
32,63,0.832000,0.768473,0.468589,,0
32,64,0.861789,0.802030,0.728274,,0
32,65,0.870317,0.777143,0.843105,,0
32,66,0.875000,0.850000,0.454337,,0
32,67,0.875346,0.820106,0.700925,,0
32,68,0.838356,0.792746,0.599840,,0
32,69,0.863388,0.814433,0.544226,,0
32,70,0.869318,0.844444,0.569639,,0
32,71,0.901163,0.854651,0.570384,,0
32,72,0.921212,0.866279,0.823556,,0
32,73,0.770701,0.703488,0.499969,,0
32,74,0.824147,0.746411,0.589929,,0
32,75,0.851648,0.791667,0.595419,,0
32,76,0.887460,0.802326,0.731272,,0
32,77,0.886076,0.813953,0.634367,,0
32,78,0.839572,0.772277,0.660751,,0
32,79,0.879121,0.828125,0.550124,,0
32,80,0.893855,0.844086,0.581395,,0
33,1,0.864865,0.790960,0.825604,,0
33,2,0.839344,0.723164,0.767808,,0
33,3,0.742857,0.689266,0.642360,,0
33,4,0.915452,0.870056,0.503613,,0
33,5,0.817610,0.717514,0.658535,,0
33,6,0.920000,0.864407,0.883676,,0
33,7,0.769737,0.661017,0.760137,,0
33,8,0.820253,0.743119,0.485308,,0
33,9,0.875989,0.801980,0.446200,,0
33,10,0.835979,0.786070,0.645236,,0
33,11,0.889503,0.859459,0.420028,,0
33,12,0.781145,0.655367,0.807133,,0
33,13,0.794366,0.735955,0.724930,,0
33,14,0.902439,0.836158,0.432953,,0
33,15,0.855346,0.768362,0.403440,,0
33,16,0.904899,0.836158,0.847262,,0
33,17,0.856397,0.786408,0.644559,,0
33,18,0.895604,0.844920,0.738449,,0
33,19,0.747045,0.642276,0.834753,,0
33,20,0.893151,0.856383,0.342882,,0
33,21,0.898305,0.881356,0.613039,,0
33,22,0.849604,0.797030,0.666680,,0
33,23,0.790419,0.734463,0.781648,,0
33,24,0.894260,0.830508,0.304697,,0
33,25,0.923077,0.870056,0.823813,,0
33,26,0.816121,0.727273,0.457363,,0
33,27,0.867725,0.815920,0.714163,,0
33,28,0.900850,0.819209,0.725019,,0
33,29,0.785047,0.669323,0.726133,,0
33,30,0.795000,0.713004,0.913772,,0
33,31,0.891365,0.868132,0.797954,,0
33,32,0.794953,0.700565,0.615781,,0
33,33,0.909091,0.841808,0.906435,49.5315770126233,1
33,34,0.830769,0.760563,0.661519,,0
33,35,0.882682,0.867403,0.801488,,0
33,36,0.790000,0.708520,0.593082,,0
33,37,0.909605,0.875706,0.460558,,0
33,38,0.863905,0.785311,0.470915,,0
33,39,0.876344,0.789744,0.807627,,0
33,40,0.869841,0.768362,0.759391,,0
33,41,0.904494,0.854749,0.781179,,0
33,42,0.811881,0.722467,0.795372,,0
33,43,0.908046,0.847458,0.809061,,0
33,44,0.800995,0.715556,0.799562,,0
33,45,0.827586,0.780000,0.692439,,0
33,46,0.927114,0.875706,0.847928,,0
33,47,0.879781,0.846561,0.746213,,0
33,48,0.875000,0.827225,0.544168,,0
33,49,0.842730,0.762712,0.802034,,0
33,50,0.827068,0.738739,0.426967,,0
33,51,0.832461,0.775610,0.641593,,0
33,52,0.862500,0.779661,0.608409,,0
33,53,0.903955,0.864407,0.794989,,0
33,54,0.861111,0.808743,0.793256,,0
33,55,0.874618,0.802260,0.556424,,0
33,56,0.904494,0.854749,0.720480,,0
33,57,0.842105,0.788177,0.510351,,0
33,58,0.909639,0.847458,0.529469,,0
33,59,0.880734,0.807910,0.431460,,0
33,60,0.938053,0.887006,0.449677,,0
33,61,0.758621,0.711864,0.627981,,0
33,62,0.841270,0.791045,0.653480,,0
33,63,0.847368,0.793103,0.502498,,0
33,64,0.877005,0.832487,0.708036,,0
33,65,0.863636,0.785311,0.784557,,0
33,66,0.890756,0.872222,0.372700,,0
33,67,0.879781,0.846561,0.629257,,0
33,68,0.854054,0.813472,0.603015,,0
33,69,0.862534,0.824742,0.514953,,0
33,70,0.885154,0.850000,0.543888,,0
33,71,0.905444,0.853107,0.587451,,0
33,72,0.889552,0.836158,0.729891,,0
33,73,0.771160,0.683616,0.391035,,0
33,74,0.844560,0.775120,0.527616,,0
33,75,0.888889,0.833333,0.498816,,0
33,76,0.860759,0.768362,0.730663,,0
33,77,0.859813,0.779661,0.631006,,0
33,78,0.860158,0.801980,0.650403,,0
33,79,0.883469,0.828125,0.469638,,0
33,80,0.892562,0.844086,0.594096,,0
34,1,0.861538,0.822485,0.416965,,0
34,2,0.861953,0.757396,0.391272,,0
34,3,0.725146,0.682081,0.633415,,0
34,4,0.925373,0.881657,0.564815,,0
34,5,0.832258,0.751479,0.553422,,0
34,6,0.918129,0.890173,0.311621,,0
34,7,0.790541,0.692308,0.493475,,0
34,8,0.832041,0.738532,0.780624,,0
34,9,0.873315,0.787129,0.675912,,0
34,10,0.843243,0.776119,0.577975,,0
34,11,0.898305,0.854054,0.571025,,0
34,12,0.782007,0.662722,0.539249,,0
34,13,0.789625,0.741573,0.323463,,0
34,14,0.925000,0.875740,0.784092,,0
34,15,0.890323,0.810651,0.903187,,0
34,16,0.920354,0.870588,0.322612,,0
34,17,0.848000,0.771845,0.398976,,0
34,18,0.893258,0.834225,0.561140,,0
34,19,0.756627,0.638211,0.253917,,0
34,20,0.890756,0.840426,0.937564,,0
34,21,0.913295,0.881356,0.456609,,0
34,22,0.840970,0.772277,0.365675,,0
34,23,0.815951,0.786982,0.627874,,0
34,24,0.897833,0.852071,0.616200,,0
34,25,0.933333,0.911243,0.272232,,0
34,26,0.822622,0.727273,0.836781,,0
34,27,0.864865,0.796020,0.464645,,0
34,28,0.898551,0.835227,0.359686,,0
34,29,0.790476,0.657371,0.476948,,0
34,30,0.795918,0.699552,0.338482,,0
34,31,0.888889,0.857143,0.570785,,0
34,32,0.809061,0.733728,0.421609,,0
34,33,0.918605,0.880000,0.272993,,0
34,34,0.842932,0.751174,0.663679,34.6364651593083,1
34,35,0.885714,0.856354,0.368383,,0
34,36,0.795918,0.699552,0.459691,,0
34,37,0.913295,0.875706,0.705504,,0
34,38,0.884848,0.822485,0.646379,,0
34,39,0.890110,0.810256,0.227217,,0
34,40,0.885993,0.804734,0.314091,,0
34,41,0.913793,0.877095,0.313303,,0
34,42,0.823232,0.713656,0.258673,,0
34,43,0.929412,0.894737,0.343223,,0
34,44,0.807107,0.706667,0.443505,,0
34,45,0.834688,0.770000,0.358130,,0
34,46,0.931343,0.881657,0.351557,,0
34,47,0.877095,0.830688,0.378574,,0
34,48,0.877778,0.827225,0.660536,,0
34,49,0.857143,0.822485,0.538982,,0
34,50,0.828645,0.729730,0.851409,,0
34,51,0.839572,0.765854,0.429099,,0
34,52,0.891026,0.810651,0.766904,,0
34,53,0.907514,0.875706,0.337556,,0
34,54,0.880682,0.825137,0.390357,,0
34,55,0.902821,0.852071,0.508423,,0
34,56,0.913793,0.860335,0.275829,,0
34,57,0.854839,0.783251,0.838557,,0
34,58,0.944444,0.905325,0.709168,,0
34,59,0.890282,0.822485,0.538100,,0
34,60,0.924471,0.881657,0.512819,,0
34,61,0.770588,0.725146,0.320648,,0
34,62,0.848649,0.781095,0.740552,,0
34,63,0.849462,0.778325,0.779160,,0
34,64,0.874317,0.812183,0.485585,,0
34,65,0.877907,0.805714,0.317925,,0
34,66,0.893983,0.866667,0.896973,,0
34,67,0.893855,0.841270,0.704840,,0
34,68,0.861878,0.803109,0.552645,,0
34,69,0.870523,0.809278,0.584448,,0
34,70,0.899713,0.872222,0.500661,,0
34,71,0.920821,0.872093,0.833481,,0
34,72,0.923547,0.875740,0.610784,,0
34,73,0.765273,0.698225,0.617575,,0
34,74,0.835979,0.751196,0.543671,,0
34,75,0.869806,0.817708,0.785670,,0
34,76,0.870130,0.792899,0.552304,,0
34,77,0.888179,0.822485,0.676684,,0
34,78,0.857143,0.787129,0.454786,,0
34,79,0.891967,0.828125,0.652556,,0
34,80,0.901408,0.844086,0.429010,,0
35,1,0.849057,0.759259,0.626846,,0
35,2,0.868966,0.777778,0.747040,,0
35,3,0.800000,0.710983,0.615692,,0
35,4,0.804878,0.783133,0.344599,,0
35,5,0.825083,0.728395,0.473667,,0
35,6,0.811940,0.768786,0.652878,,0
35,7,0.802768,0.697531,0.911692,,0
35,8,0.705263,0.614679,0.383321,,0
35,9,0.796703,0.707921,0.319230,,0
35,10,0.721763,0.651741,0.635754,,0
35,11,0.783862,0.724324,0.247509,,0
35,12,0.808511,0.703704,0.939971,,0
35,13,0.817647,0.719101,0.604341,,0
35,14,0.817891,0.777778,0.347289,,0
35,15,0.877888,0.796296,0.389043,,0
35,16,0.807229,0.764706,0.749021,,0
35,17,0.760870,0.655340,0.587465,,0
35,18,0.830946,0.743316,0.943734,,0
35,19,0.642157,0.532520,0.745817,,0
35,20,0.794286,0.734043,0.395546,,0
35,21,0.772861,0.740113,0.430036,,0
35,22,0.741758,0.663366,0.677861,,0
35,23,0.858934,0.796296,0.831508,,0
35,24,0.848101,0.796296,0.183946,,0
35,25,0.786378,0.783951,0.675253,,0
35,26,0.706806,0.613636,0.486233,,0
35,27,0.749311,0.676617,0.605070,,0
35,28,0.840237,0.789773,0.519140,,0
35,29,0.726392,0.589641,0.674023,,0
35,30,0.675325,0.582960,0.701449,,0
35,31,0.773256,0.725275,0.706300,,0
35,32,0.841060,0.771605,0.389765,,0
35,33,0.795252,0.760000,0.875559,,0
35,34,0.730667,0.643192,0.562177,,0
35,35,0.752187,0.712707,0.974197,31.152512726082133,1
35,36,0.670130,0.578475,0.367517,,0
35,37,0.790560,0.740113,0.521680,,0
35,38,0.866873,0.796296,0.274396,,0
35,39,0.823529,0.743590,0.558366,,0
35,40,0.866667,0.802469,0.549306,,0
35,41,0.803519,0.743017,0.558001,,0
35,42,0.730077,0.621145,0.579725,,0
35,43,0.810811,0.777778,0.652276,,0
35,44,0.723514,0.622222,0.838051,,0
35,45,0.701657,0.635000,0.380718,,0
35,46,0.804878,0.783133,0.644838,,0
35,47,0.769231,0.708995,0.634951,,0
35,48,0.776204,0.712042,0.341907,,0
35,49,0.819876,0.716049,0.732209,,0
35,50,0.723958,0.626126,0.392187,,0
35,51,0.708447,0.634146,0.504119,,0
35,52,0.859016,0.771605,0.571926,,0
35,53,0.784661,0.751412,0.724967,,0
35,54,0.817391,0.743169,0.659654,,0
35,55,0.865385,0.802469,0.373508,,0
35,56,0.797654,0.754190,0.511804,,0
35,57,0.728767,0.655172,0.488714,,0
35,58,0.826498,0.796296,0.708861,,0
35,59,0.852564,0.777778,0.277997,,0
35,60,0.820988,0.777778,0.240215,,0
35,61,0.810811,0.719298,0.385543,,0
35,62,0.727273,0.656716,0.841643,,0
35,63,0.750685,0.674877,0.485977,,0
35,64,0.757660,0.680203,0.647618,,0
35,65,0.848665,0.760000,0.659100,,0
35,66,0.766082,0.722222,0.400758,,0
35,67,0.774929,0.714286,0.745982,,0
35,68,0.738028,0.678756,0.481467,,0
35,69,0.752809,0.685567,0.325301,,0
35,70,0.777778,0.727778,0.318450,,0
35,71,0.832335,0.808140,0.574395,,0
35,72,0.850000,0.808642,0.562412,,0
35,73,0.835526,0.765432,0.210848,,0
35,74,0.733154,0.650718,0.276023,,0
35,75,0.779661,0.718750,0.644956,,0
35,76,0.857143,0.771605,0.688161,,0
35,77,0.862745,0.790123,0.566841,,0
35,78,0.747253,0.673267,0.478183,,0
35,79,0.796610,0.723958,0.346699,,0
35,80,0.816092,0.758065,0.500783,,0
36,1,0.814815,0.697436,0.607913,,0
36,2,0.792570,0.656410,0.544031,,0
36,3,0.815217,0.682051,0.772699,,0
36,4,0.781163,0.717949,0.874282,,0
36,5,0.797619,0.682051,0.800731,,0
36,6,0.793478,0.728205,0.622732,,0
36,7,0.770186,0.635897,0.480620,,0
36,8,0.687651,0.651376,0.827659,,0
36,9,0.770781,0.712871,0.823712,,0
36,10,0.707071,0.696517,0.446228,,0
36,11,0.757895,0.717949,0.967090,,0
36,12,0.742857,0.600000,0.402656,,0
36,13,0.809651,0.723077,0.583678,,0
36,14,0.797688,0.692308,0.829177,,0
36,15,0.827381,0.712821,0.600611,,0
36,16,0.800000,0.697436,0.368779,,0
36,17,0.733167,0.679612,0.623105,,0
36,18,0.806283,0.733333,0.336731,,0
36,19,0.634921,0.565041,0.363254,,0
36,20,0.778068,0.717949,0.653544,,0
36,21,0.747312,0.712821,0.789041,,0
36,22,0.730479,0.678218,0.568873,,0
36,23,0.818182,0.712821,0.365803,,0
36,24,0.813754,0.723077,0.787647,,0
36,25,0.758427,0.692308,0.444420,,0
36,26,0.684337,0.640909,0.718802,,0
36,27,0.727273,0.681592,0.785216,,0
36,28,0.776280,0.723077,0.640281,,0
36,29,0.708520,0.625498,0.689762,,0
36,30,0.660287,0.614350,0.434691,,0
36,31,0.753316,0.728205,0.412803,,0
36,32,0.794030,0.676923,0.694522,,0
36,33,0.778378,0.712821,0.516423,,0
36,34,0.710784,0.676056,0.401114,,0
36,35,0.734043,0.702564,0.332610,,0
36,36,0.660287,0.618834,0.818319,34.941820735663036,1
36,37,0.779570,0.717949,0.534222,,0
36,38,0.837079,0.743590,0.907040,,0
36,39,0.825641,0.764103,0.396691,,0
36,40,0.810811,0.687179,0.643904,,0
36,41,0.791444,0.733333,0.598947,,0
36,42,0.710900,0.651982,0.486226,,0
36,43,0.781421,0.717949,0.419691,,0
36,44,0.704762,0.657778,0.441071,,0
36,45,0.683544,0.675000,0.705807,,0
36,46,0.781163,0.707692,0.437086,,0
36,47,0.750000,0.728205,0.392598,,0
36,48,0.766839,0.728205,0.763946,,0
36,49,0.811268,0.702564,0.458124,,0
36,50,0.709832,0.662162,0.623587,,0
36,51,0.695000,0.678049,0.735934,,0
36,52,0.834320,0.717949,0.455622,,0
36,53,0.763441,0.723077,0.598157,,0
36,54,0.825397,0.748718,0.429906,,0
36,55,0.828986,0.717949,0.857946,,0
36,56,0.770053,0.723077,0.405521,,0
36,57,0.733668,0.714286,0.656874,,0
36,58,0.800000,0.712821,0.272989,,0
36,59,0.823188,0.707692,0.790355,,0
36,60,0.789916,0.707692,0.957092,,0
36,61,0.814208,0.728205,0.569430,,0
36,62,0.707071,0.691542,0.361642,,0
36,63,0.723618,0.694581,0.341858,,0
36,64,0.750000,0.705584,0.774718,,0
36,65,0.816216,0.743590,0.593291,,0
36,66,0.746667,0.712821,0.463239,,0
36,67,0.760417,0.717949,0.319164,,0
36,68,0.716495,0.697436,0.855919,,0
36,69,0.735219,0.712821,0.945948,,0
36,70,0.752000,0.723077,0.932669,,0
36,71,0.795640,0.728205,0.486147,,0
36,72,0.810198,0.712821,0.788230,,0
36,73,0.783383,0.671795,0.805177,,0
36,74,0.717822,0.684211,0.887861,,0
36,75,0.749354,0.712821,0.295902,,0
36,76,0.796407,0.676923,0.754325,,0
36,77,0.825959,0.707692,0.398966,,0
36,78,0.730479,0.702970,0.839833,,0
36,79,0.780362,0.728205,0.867492,,0
36,80,0.797900,0.728205,0.667791,,0
37,1,0.858934,0.815951,0.303620,,0
37,2,0.879725,0.785276,0.394435,,0
37,3,0.726190,0.676301,0.384434,,0
37,4,0.930091,0.891566,0.409004,,0
37,5,0.828947,0.760736,0.373407,,0
37,6,0.916667,0.878613,0.270948,,0
37,7,0.779310,0.687117,0.352454,,0
37,8,0.813648,0.711009,0.671054,,0
37,9,0.860274,0.767327,0.623839,,0
37,10,0.829670,0.751244,0.310987,,0
37,11,0.890805,0.832432,0.397140,,0
37,12,0.784452,0.680982,0.306230,,0
37,13,0.780059,0.735955,0.267279,,0
37,14,0.929936,0.883436,0.831957,,0
37,15,0.901316,0.840491,0.703307,,0
37,16,0.924925,0.870588,0.305818,,0
37,17,0.845528,0.757282,0.269042,,0
37,18,0.897143,0.828877,0.382329,,0
37,19,0.753056,0.626016,0.185697,,0
37,20,0.883191,0.824468,0.731517,,0
37,21,0.900000,0.858757,0.332700,,0
37,22,0.827397,0.747525,0.240135,,0
37,23,0.831250,0.797546,0.568530,,0
37,24,0.902208,0.871166,0.555312,,0
37,25,0.919753,0.907975,0.269866,,0
37,26,0.814621,0.704545,0.835003,,0
37,27,0.851648,0.771144,0.334685,,0
37,28,0.890855,0.852273,0.263988,,0
37,29,0.777778,0.641434,0.349004,,0
37,30,0.782383,0.677130,0.268838,,0
37,31,0.881159,0.829670,0.193681,,0
37,32,0.818482,0.760736,0.353446,,0
37,33,0.911243,0.874286,0.234246,,0
37,34,0.835106,0.732394,0.501333,,0
37,35,0.877907,0.828729,0.292215,,0
37,36,0.787565,0.681614,0.421694,,0
37,37,0.917647,0.875706,0.922620,41.04791153273803,1
37,38,0.895062,0.846626,0.581478,,0
37,39,0.888268,0.810256,0.174016,,0
37,40,0.897010,0.828221,0.279079,,0
37,41,0.912281,0.854749,0.263193,,0
37,42,0.800000,0.687225,0.254926,,0
37,43,0.922156,0.877193,0.236383,,0
37,44,0.804124,0.693333,0.207475,,0
37,45,0.820937,0.745000,0.363909,,0
37,46,0.930091,0.903614,0.240149,,0
37,47,0.892045,0.830688,0.192474,,0
37,48,0.881356,0.816754,0.458405,,0
37,49,0.848297,0.791411,0.291935,,0
37,50,0.815584,0.707207,0.719768,,0
37,51,0.826087,0.741463,0.339778,,0
37,52,0.908497,0.852761,0.427845,,0
37,53,0.905882,0.870056,0.240069,,0
37,54,0.884393,0.814208,0.219622,,0
37,55,0.913738,0.877301,0.374080,,0
37,56,0.888889,0.849162,0.208832,,0
37,57,0.852459,0.768473,0.633610,,0
37,58,0.955975,0.920245,0.573078,,0
37,59,0.907348,0.871166,0.323755,,0
37,60,0.923077,0.865031,0.356614,,0
37,61,0.772455,0.719298,0.297184,,0
37,62,0.846154,0.766169,0.490591,,0
37,63,0.841530,0.758621,0.492144,,0
37,64,0.872222,0.791878,0.342303,,0
37,65,0.863905,0.794286,0.228506,,0
37,66,0.892128,0.838889,0.641533,,0
37,67,0.886364,0.825397,0.513965,,0
37,68,0.853933,0.787565,0.435573,,0
37,69,0.868347,0.798969,0.394425,,0
37,70,0.892128,0.844444,0.332976,,0
37,71,0.931343,0.883721,0.632366,,0
37,72,0.928349,0.883436,0.452174,,0
37,73,0.767213,0.711656,0.656224,,0
37,74,0.822581,0.732057,0.436223,,0
37,75,0.856338,0.791667,0.638424,,0
37,76,0.894040,0.828221,0.374859,,0
37,77,0.912052,0.852761,0.399736,,0
37,78,0.854795,0.772277,0.401029,,0
37,79,0.895775,0.828125,0.565853,,0
37,80,0.893983,0.833333,0.313424,,0
38,1,0.857143,0.830189,0.692068,,0
38,2,0.891986,0.805031,0.625168,,0
38,3,0.680723,0.653179,0.785722,,0
38,4,0.960000,0.939759,0.932270,,0
38,5,0.800000,0.754717,0.859408,,0
38,6,0.945783,0.907514,0.666903,,0
38,7,0.727273,0.654088,0.469645,,0
38,8,0.843501,0.729358,0.876062,,0
38,9,0.875346,0.782178,0.940357,,0
38,10,0.872222,0.781095,0.501586,,0
38,11,0.924419,0.859459,0.901379,,0
38,12,0.738351,0.647799,0.390555,,0
38,13,0.747774,0.707865,0.682743,,0
38,14,0.948387,0.918239,0.831298,,0
38,15,0.880000,0.830189,0.653130,,0
38,16,0.936170,0.900000,0.500251,,0
38,17,0.871233,0.771845,0.627283,,0
38,18,0.907514,0.839572,0.352553,,0
38,19,0.775309,0.638211,0.504317,,0
38,20,0.910663,0.840426,0.700523,,0
38,21,0.934524,0.887006,0.792719,,0
38,22,0.869806,0.777228,0.600666,,0
38,23,0.791139,0.786164,0.416243,,0
38,24,0.920128,0.899371,0.894380,,0
38,25,0.975000,0.968944,0.608343,,0
38,26,0.828496,0.713636,0.815548,,0
38,27,0.877778,0.786070,0.798748,,0
38,28,0.937313,0.892045,0.740578,,0
38,29,0.775610,0.633466,0.780640,,0
38,30,0.827225,0.708520,0.572709,,0
38,31,0.926686,0.868132,0.421491,,0
38,32,0.769231,0.723270,0.832600,,0
38,33,0.946108,0.902857,0.468630,,0
38,34,0.849462,0.741784,0.447578,,0
38,35,0.923529,0.867403,0.322499,,0
38,36,0.827225,0.708520,0.845813,,0
38,37,0.940476,0.892655,0.605676,,0
38,38,0.868750,0.844720,0.990572,32.425370725855394,1
38,39,0.887006,0.805128,0.599054,,0
38,40,0.909091,0.842767,0.716069,,0
38,41,0.934911,0.882682,0.704115,,0
38,42,0.823834,0.700441,0.648418,,0
38,43,0.939394,0.906433,0.607573,,0
38,44,0.822917,0.702222,0.515556,,0
38,45,0.869081,0.780000,0.778703,,0
38,46,0.972308,0.951807,0.600680,,0
38,47,0.908046,0.835979,0.572448,,0
38,48,0.902857,0.827225,0.852531,,0
38,49,0.833856,0.806250,0.528073,,0
38,50,0.834646,0.716216,0.677386,,0
38,51,0.862637,0.765854,0.775554,,0
38,52,0.887417,0.842767,0.481137,,0
38,53,0.934524,0.887006,0.641043,,0
38,54,0.877193,0.819672,0.601446,,0
38,55,0.893204,0.867925,0.826159,,0
38,56,0.934911,0.882682,0.608884,,0
38,57,0.878453,0.783251,0.709363,,0
38,58,0.949045,0.937107,0.360099,,0
38,59,0.886731,0.861635,0.849342,,0
38,60,0.965732,0.938272,0.866209,,0
38,61,0.727273,0.701754,0.725900,,0
38,62,0.866667,0.776119,0.384201,,0
38,63,0.872928,0.778325,0.372802,,0
38,64,0.893258,0.807107,0.779308,,0
38,65,0.880240,0.840000,0.627748,,0
38,66,0.926254,0.872222,0.499589,,0
38,67,0.908046,0.835979,0.396625,,0
38,68,0.892045,0.813472,0.823651,,0
38,69,0.889518,0.809278,0.938514,,0
38,70,0.920354,0.866667,0.906810,,0
38,71,0.948640,0.901163,0.532935,,0
38,72,0.927445,0.918239,0.900961,,0
38,73,0.724252,0.685535,0.954514,,0
38,74,0.858696,0.755981,0.924271,,0
38,75,0.905983,0.828125,0.394762,,0
38,76,0.885906,0.830189,0.754685,,0
38,77,0.891089,0.842767,0.441105,,0
38,78,0.875346,0.782178,0.814653,,0
38,79,0.900285,0.822917,0.962166,,0
38,80,0.915942,0.849462,0.590849,,0
39,1,0.821918,0.756410,0.807854,,0
39,2,0.787879,0.764706,0.735523,,0
39,3,0.815534,0.710983,0.616205,,0
39,4,0.721854,0.656627,0.628681,,0
39,5,0.830325,0.765957,0.765670,,0
39,6,0.737864,0.658960,0.787364,,0
39,7,0.836502,0.713235,0.469103,,0
39,8,0.627119,0.504587,0.537637,,0
39,9,0.727811,0.594059,0.577301,,0
39,10,0.640950,0.537313,0.604349,,0
39,11,0.697819,0.605405,0.410154,,0
39,12,0.859375,0.779412,0.462900,,0
39,13,0.802548,0.691011,0.813838,,0
39,14,0.752613,0.701987,0.340956,,0
39,15,0.787004,0.758865,0.325048,,0
39,16,0.725490,0.647059,0.798735,,0
39,17,0.666667,0.543689,0.533608,,0
39,18,0.761610,0.652406,0.416869,,0
39,19,0.565445,0.439024,0.789987,,0
39,20,0.728395,0.611702,0.335900,,0
39,21,0.690096,0.610169,0.658826,,0
39,22,0.662722,0.554455,0.564810,,0
39,23,0.798635,0.726115,0.390780,,0
39,24,0.786207,0.720779,0.423409,,0
39,25,0.707071,0.652174,0.899353,,0
39,26,0.623596,0.504545,0.401214,,0
39,27,0.658754,0.552239,0.672132,,0
39,28,0.730769,0.647727,0.839765,,0
39,29,0.651163,0.501992,0.742640,,0
39,30,0.601671,0.479821,0.811618,,0
39,31,0.698113,0.609890,0.523765,,0
39,32,0.840580,0.757143,0.858958,,0
39,33,0.707395,0.628571,0.565897,,0
39,34,0.659026,0.539906,0.346354,,0
39,35,0.662461,0.580110,0.377538,,0
39,36,0.590529,0.475336,0.708650,,0
39,37,0.715655,0.627119,0.289501,,0
39,38,0.787879,0.714286,0.573289,,0
39,39,0.773414,0.656410,0.926795,41.64188932706305,1
39,40,0.781022,0.768116,0.807912,,0
39,41,0.730159,0.631285,0.864549,,0
39,42,0.644628,0.515419,0.898632,,0
39,43,0.729642,0.649123,0.931823,,0
39,44,0.637119,0.511111,0.646647,,0
39,45,0.619048,0.520000,0.829922,,0
39,46,0.721854,0.656627,0.915345,,0
39,47,0.683077,0.587302,0.874953,,0
39,48,0.691131,0.591623,0.726965,,0
39,49,0.783784,0.687500,0.720081,,0
39,50,0.642458,0.518018,0.329496,,0
39,51,0.633431,0.526829,0.671418,,0
39,52,0.788530,0.741259,0.358882,,0
39,53,0.702875,0.615819,0.697559,,0
39,54,0.752351,0.639344,0.880207,,0
39,55,0.776224,0.733333,0.612546,,0
39,56,0.730159,0.642458,0.970975,,0
39,57,0.648968,0.541872,0.378097,,0
39,58,0.735395,0.690323,0.351119,,0
39,59,0.776224,0.733333,0.426687,,0
39,60,0.744966,0.672840,0.378417,,0
39,61,0.820847,0.701754,0.902064,,0
39,62,0.640950,0.537313,0.373924,,0
39,63,0.666667,0.551724,0.284027,,0
39,64,0.690691,0.578680,0.617597,,0
39,65,0.765273,0.674286,0.722897,,0
39,66,0.677215,0.594444,0.312835,,0
39,67,0.683077,0.587302,0.406672,,0
39,68,0.656535,0.559585,0.576503,,0
39,69,0.660606,0.561856,0.547960,,0
39,70,0.696203,0.611111,0.572750,,0
39,71,0.753247,0.674419,0.347411,,0
39,72,0.761905,0.702532,0.777688,,0
39,73,0.841727,0.753521,0.633983,,0
39,74,0.643478,0.531100,0.624299,,0
39,75,0.707317,0.604167,0.363926,,0
39,76,0.785455,0.748201,0.618722,,0
39,77,0.800000,0.770833,0.359044,,0
39,78,0.674556,0.564356,0.657358,,0
39,79,0.719512,0.614583,0.572744,,0
39,80,0.739130,0.639785,0.434874,,0
40,1,0.878981,0.816456,0.928671,,0
40,2,0.895105,0.810127,0.804482,,0
40,3,0.743202,0.676301,0.756314,,0
40,4,0.913580,0.873494,0.670657,,0
40,5,0.856187,0.810127,0.843518,,0
40,6,0.882175,0.838150,0.937103,,0
40,7,0.792982,0.702532,0.559032,,0
40,8,0.792553,0.683486,0.653056,,0
40,9,0.855556,0.762376,0.470515,,0
40,10,0.807799,0.721393,0.549993,,0
40,11,0.868805,0.800000,0.568419,,0
40,12,0.798561,0.696203,0.586519,,0
40,13,0.797619,0.730337,0.880918,,0
40,14,0.932039,0.892405,0.466624,,0
40,15,0.903010,0.848101,0.230306,,0
40,16,0.884146,0.835294,0.648990,,0
40,17,0.818681,0.723301,0.690552,,0
40,18,0.881159,0.807487,0.516785,,0
40,19,0.722772,0.593496,0.746854,,0
40,20,0.878613,0.808511,0.364113,,0
40,21,0.877612,0.824859,0.899484,,0
40,22,0.811111,0.722772,0.698652,,0
40,23,0.819048,0.740506,0.417952,,0
40,24,0.916667,0.854430,0.426982,,0
40,25,0.896552,0.888199,0.832482,,0
40,26,0.798942,0.681818,0.439868,,0
40,27,0.824513,0.736318,0.882921,,0
40,28,0.868263,0.818182,0.908041,,0
40,29,0.753056,0.613546,0.829271,,0
40,30,0.755906,0.645740,0.693173,,0
40,31,0.858824,0.796703,0.529924,,0
40,32,0.818792,0.759494,0.722360,,0
40,33,0.876877,0.834286,0.775329,,0
40,34,0.819407,0.708920,0.287399,,0
40,35,0.855457,0.801105,0.550604,,0
40,36,0.761155,0.650224,0.894815,,0
40,37,0.883582,0.836158,0.378977,,0
40,38,0.890282,0.819876,0.628578,,0
40,39,0.872521,0.789744,0.781852,,0
40,40,0.905405,0.848101,0.982148,29.366210975807284,1
40,41,0.890208,0.826816,0.952267,,0
40,42,0.779221,0.660793,0.793856,,0
40,43,0.899696,0.859649,0.766288,,0
40,44,0.762402,0.648889,0.670107,,0
40,45,0.804469,0.720000,0.914253,,0
40,46,0.901235,0.867470,0.750506,,0
40,47,0.847262,0.772487,0.726676,,0
40,48,0.842407,0.764398,0.798001,,0
40,49,0.880503,0.825000,0.632012,,0
40,50,0.805263,0.689189,0.259067,,0
40,51,0.804408,0.712195,0.762531,,0
40,52,0.890365,0.835443,0.317918,,0
40,53,0.871642,0.824859,0.898851,,0
40,54,0.862170,0.775956,0.754651,,0
40,55,0.902597,0.860759,0.740436,,0
40,56,0.872404,0.815642,0.803839,,0
40,57,0.814404,0.724138,0.325290,,0
40,58,0.926518,0.879747,0.306801,,0
40,59,0.896104,0.848101,0.463403,,0
40,60,0.906250,0.858025,0.580775,,0
40,61,0.778116,0.719298,0.908994,,0
40,62,0.818942,0.731343,0.413293,,0
40,63,0.825485,0.724138,0.225994,,0
40,64,0.845070,0.761421,0.792355,,0
40,65,0.870871,0.788571,0.949695,,0
40,66,0.869822,0.805556,0.211130,,0
40,67,0.858790,0.783069,0.373335,,0
40,68,0.831909,0.756477,0.731127,,0
40,69,0.835227,0.752577,0.669231,,0
40,70,0.875740,0.822222,0.818566,,0
40,71,0.896970,0.854651,0.324938,,0
40,72,0.930380,0.873418,0.765397,,0
40,73,0.793333,0.740506,0.539039,,0
40,74,0.806540,0.708134,0.837097,,0
40,75,0.840000,0.765625,0.296673,,0
40,76,0.888889,0.835443,0.733726,,0
40,77,0.913907,0.867089,0.286036,,0
40,78,0.833333,0.737624,0.858661,,0
40,79,0.862857,0.786458,0.650171,,0
40,80,0.866279,0.795699,0.841973,,0
41,1,0.854545,0.793103,0.628354,,0
41,2,0.847682,0.735632,0.519909,,0
41,3,0.737752,0.678161,0.649256,,0
41,4,0.911765,0.862069,0.822568,,0
41,5,0.819048,0.735632,0.721726,,0
41,6,0.904899,0.862069,0.557631,,0
41,7,0.750831,0.643678,0.416910,,0
41,8,0.821429,0.738532,0.870629,,0
41,9,0.867021,0.801980,0.961735,,0
41,10,0.832000,0.776119,0.452489,,0
41,11,0.891365,0.848649,0.825307,,0
41,12,0.755102,0.637931,0.338327,,0
41,13,0.795455,0.747191,0.546672,,0
41,14,0.916923,0.856322,0.875520,,0
41,15,0.869841,0.787356,0.691647,,0
41,16,0.912791,0.850575,0.437966,,0
41,17,0.842105,0.766990,0.565360,,0
41,18,0.880886,0.818182,0.325926,,0
41,19,0.738095,0.630081,0.446381,,0
41,20,0.889503,0.845745,0.657290,,0
41,21,0.883191,0.864407,0.644331,,0
41,22,0.845745,0.772277,0.494810,,0
41,23,0.815710,0.770115,0.426450,,0
41,24,0.902439,0.850575,0.921038,,0
41,25,0.913433,0.879310,0.546665,,0
41,26,0.802030,0.718182,0.852315,,0
41,27,0.869333,0.800995,0.684373,,0
41,28,0.902857,0.857955,0.582601,,0
41,29,0.785882,0.661355,0.671319,,0
41,30,0.785894,0.699552,0.513299,,0
41,31,0.882022,0.851648,0.329551,,0
41,32,0.808917,0.729885,0.789704,,0
41,33,0.922636,0.897143,0.399981,,0
41,34,0.821705,0.746479,0.477206,,0
41,35,0.873239,0.850829,0.301065,,0
41,36,0.780856,0.695067,0.732273,,0
41,37,0.905983,0.870056,0.645350,,0
41,38,0.865672,0.816092,0.959810,,0
41,39,0.883469,0.820513,0.507966,,0
41,40,0.878205,0.787356,0.595992,,0
41,41,0.906516,0.854749,0.582213,36.84756322318458,1
41,42,0.812968,0.718062,0.569102,,0
41,43,0.898551,0.850575,0.526854,,0
41,44,0.822055,0.724444,0.437893,,0
41,45,0.818182,0.765000,0.688011,,0
41,46,0.911765,0.867816,0.512971,,0
41,47,0.876033,0.841270,0.496417,,0
41,48,0.876712,0.827225,0.775924,,0
41,49,0.838323,0.793103,0.473134,,0
41,50,0.813131,0.725225,0.717339,,0
41,51,0.823219,0.760976,0.672510,,0
41,52,0.876972,0.793103,0.497956,,0
41,53,0.894587,0.864407,0.521043,,0
41,54,0.885154,0.814208,0.525673,,0
41,55,0.888889,0.827586,0.700788,,0
41,56,0.912181,0.871508,0.530042,,0
41,57,0.832891,0.773399,0.739177,,0
41,58,0.917933,0.862069,0.359003,,0
41,59,0.882716,0.816092,0.854278,,0
41,60,0.916667,0.862069,0.859887,,0
41,61,0.771014,0.735632,0.625748,,0
41,62,0.826667,0.766169,0.363648,,0
41,63,0.854111,0.793103,0.377904,,0
41,64,0.857143,0.796954,0.664739,,0
41,65,0.888252,0.840000,0.542756,,0
41,66,0.881356,0.861111,0.489048,,0
41,67,0.876033,0.835979,0.393892,,0
41,68,0.844687,0.803109,0.709388,,0
41,69,0.869565,0.824742,0.868282,,0
41,70,0.875706,0.844444,0.824386,,0
41,71,0.913295,0.867816,0.557652,,0
41,72,0.909639,0.856322,0.845988,,0
41,73,0.759494,0.683908,0.936165,,0
41,74,0.830287,0.760766,0.854348,,0
41,75,0.874317,0.822917,0.394217,,0
41,76,0.856230,0.770115,0.684030,,0
41,77,0.867925,0.793103,0.471213,,0
41,78,0.851064,0.792079,0.716961,,0
41,79,0.868852,0.822917,0.893379,,0
41,80,0.900000,0.844086,0.475367,,0
42,1,0.848485,0.804598,0.885508,,0
42,2,0.847682,0.735632,0.850770,,0
42,3,0.726225,0.672414,0.725786,,0
42,4,0.929412,0.879310,0.586799,,0
42,5,0.838095,0.752874,0.773700,,0
42,6,0.916427,0.873563,0.932537,,0
42,7,0.764120,0.655172,0.763050,,0
42,8,0.826531,0.743119,0.541670,,0
42,9,0.867021,0.797030,0.481601,,0
42,10,0.848000,0.786070,0.779268,,0
42,11,0.896936,0.864865,0.435836,,0
42,12,0.761905,0.643678,0.778861,,0
42,13,0.789773,0.741573,0.825407,,0
42,14,0.910769,0.850575,0.411771,,0
42,15,0.888889,0.804598,0.360653,,0
42,16,0.918605,0.873563,0.931224,,0
42,17,0.863158,0.786408,0.756615,,0
42,18,0.897507,0.834225,0.727067,,0
42,19,0.761905,0.650407,0.835759,,0
42,20,0.889503,0.845745,0.349330,,0
42,21,0.911681,0.881356,0.733777,,0
42,22,0.845745,0.787129,0.773008,,0
42,23,0.827795,0.775862,0.634559,,0
42,24,0.896341,0.844828,0.328438,,0
42,25,0.931343,0.896552,0.907715,,0
42,26,0.812183,0.727273,0.451077,,0
42,27,0.880000,0.820896,0.773370,,0
42,28,0.902857,0.857955,0.836648,,0
42,29,0.795294,0.673307,0.814230,,0
42,30,0.795970,0.708520,0.911011,,0
42,31,0.898876,0.862637,0.714573,,0
42,32,0.815287,0.724138,0.789225,,0
42,33,0.934097,0.891429,0.880342,,0
42,34,0.842377,0.765258,0.505469,,0
42,35,0.884507,0.861878,0.726069,,0
42,36,0.795970,0.708520,0.704355,,0
42,37,0.911681,0.870056,0.453754,,0
42,38,0.877612,0.833333,0.506402,,0
42,39,0.883469,0.810256,0.896914,,0
42,40,0.884615,0.793103,0.871207,,0
42,41,0.917847,0.882682,0.880845,,0
42,42,0.817955,0.722467,0.940361,43.799421984788786,1
42,43,0.915942,0.867816,0.902545,,0
42,44,0.822055,0.728889,0.806874,,0
42,45,0.834225,0.780000,0.830954,,0
42,46,0.935294,0.890805,0.919789,,0
42,47,0.892562,0.851852,0.833186,,0
42,48,0.887671,0.842932,0.679783,,0
42,49,0.838323,0.787356,0.897100,,0
42,50,0.838384,0.747748,0.366979,,0
42,51,0.844327,0.780488,0.774588,,0
42,52,0.889590,0.810345,0.507017,,0
42,53,0.917379,0.892655,0.840104,,0
42,54,0.885154,0.830601,0.872304,,0
42,55,0.895062,0.827586,0.649773,,0
42,56,0.912181,0.877095,0.901189,,0
42,57,0.859416,0.798030,0.436415,,0
42,58,0.936170,0.885057,0.471693,,0
42,59,0.876543,0.810345,0.417678,,0
42,60,0.928571,0.873563,0.466575,,0
42,61,0.771014,0.712644,0.786324,,0
42,62,0.853333,0.796020,0.604955,,0
42,63,0.864721,0.802956,0.430399,,0
42,64,0.889488,0.822335,0.730834,,0
42,65,0.876791,0.817143,0.849161,,0
42,66,0.892655,0.866667,0.356611,,0
42,67,0.898072,0.851852,0.559756,,0
42,68,0.861035,0.818653,0.685783,,0
42,69,0.885870,0.840206,0.572590,,0
42,70,0.892655,0.866667,0.621758,,0
42,71,0.930636,0.885057,0.486282,,0
42,72,0.933735,0.879310,0.796684,,0
42,73,0.759494,0.683908,0.461265,,0
42,74,0.845953,0.775120,0.618961,,0
42,75,0.885246,0.838542,0.465273,,0
42,76,0.875399,0.781609,0.802836,,0
42,77,0.880503,0.798851,0.498871,,0
42,78,0.867021,0.806931,0.749899,,0
42,79,0.901639,0.859375,0.501299,,0
42,80,0.911111,0.854839,0.576308,,0
43,1,0.834356,0.800000,0.615438,,0
43,2,0.859060,0.752941,0.679076,,0
43,3,0.682216,0.658960,0.823408,,0
43,4,0.952381,0.917647,0.954408,,0
43,5,0.797428,0.729412,0.877889,,0
43,6,0.956268,0.924855,0.675910,,0
43,7,0.720539,0.629412,0.572165,,0
43,8,0.860825,0.766055,0.745490,,0
43,9,0.887097,0.816832,0.894270,,0
43,10,0.878706,0.810945,0.564800,,0
43,11,0.923944,0.886486,0.940000,,0
43,12,0.731034,0.623529,0.418335,,0
43,13,0.747126,0.724719,0.710241,,0
43,14,0.922118,0.870588,0.722034,,0
43,15,0.881029,0.805882,0.541096,,0
43,16,0.923529,0.894118,0.604738,,0
43,17,0.877660,0.800971,0.697099,,0
43,18,0.907563,0.844920,0.365083,,0
43,19,0.798077,0.674797,0.486982,,0
43,20,0.921788,0.877660,0.577428,,0
43,21,0.945245,0.926554,0.795384,,0
43,22,0.870968,0.801980,0.694214,,0
43,23,0.801223,0.764706,0.320676,,0
43,24,0.895062,0.852941,0.761996,,0
43,25,0.972810,0.947059,0.614155,,0
43,26,0.846154,0.750000,0.672071,,0
43,27,0.894879,0.825871,0.806248,,0
43,28,0.942197,0.909091,0.754230,,0
43,29,0.802850,0.673307,0.795313,,0
43,30,0.834606,0.735426,0.590471,,0
43,31,0.937500,0.901099,0.397139,,0
43,32,0.780645,0.705882,0.895181,,0
43,33,0.962319,0.931429,0.555230,,0
43,34,0.866841,0.779343,0.319409,,0
43,35,0.928775,0.900552,0.348693,,0
43,36,0.839695,0.739910,0.825087,,0
43,37,0.951009,0.909605,0.497969,,0
43,38,0.876133,0.841176,0.897456,,0
43,39,0.898630,0.825641,0.601373,,0
43,40,0.889610,0.805882,0.695219,,0
43,41,0.934097,0.893855,0.685229,,0
43,42,0.851385,0.744493,0.714569,,0
43,43,0.944282,0.900585,0.624279,51.59064706641377,1
43,44,0.850633,0.746667,0.535962,,0
43,45,0.875676,0.810000,0.775579,,0
43,46,0.952381,0.923529,0.631787,,0
43,47,0.935933,0.888889,0.561288,,0
43,48,0.914127,0.863874,0.755178,,0
43,49,0.806061,0.776471,0.597661,,0
43,50,0.852041,0.752252,0.563552,,0
43,51,0.869333,0.795122,0.859601,,0
43,52,0.875399,0.805882,0.361695,,0
43,53,0.951009,0.926554,0.643651,,0
43,54,0.872521,0.808743,0.591487,,0
43,55,0.881250,0.829412,0.911218,,0
43,56,0.939828,0.910615,0.632542,,0
43,57,0.900804,0.827586,0.600142,,0
43,58,0.935385,0.894118,0.257954,,0
43,59,0.881250,0.829412,0.760225,,0
43,60,0.933735,0.894118,0.884764,,0
43,61,0.727273,0.713450,0.675626,,0
43,62,0.884097,0.815920,0.335000,,0
43,63,0.895442,0.822660,0.253074,,0
43,64,0.910082,0.837563,0.816962,,0
43,65,0.857971,0.822857,0.591953,,0
43,66,0.937143,0.911111,0.417310,,0
43,67,0.924791,0.878307,0.293569,,0
43,68,0.898072,0.844560,0.907140,,0
43,69,0.906593,0.850515,0.953394,,0
43,70,0.942857,0.916667,0.878549,,0
43,71,0.941520,0.906977,0.386488,,0
43,72,0.914634,0.882353,0.869137,,0
43,73,0.724359,0.664706,0.885922,,0
43,74,0.875989,0.794258,0.821849,,0
43,75,0.911602,0.859375,0.274273,,0
43,76,0.860841,0.782353,0.832166,,0
43,77,0.878981,0.811765,0.319782,,0
43,78,0.887097,0.811881,0.868581,,0
43,79,0.922652,0.869792,0.867976,,0
43,80,0.932584,0.881720,0.493393,,0
44,1,0.901587,0.855346,0.543743,,0
44,2,0.891986,0.805031,0.519643,,0
44,3,0.753012,0.710983,0.656574,,0
44,4,0.898462,0.867470,0.850093,,0
44,5,0.860000,0.805031,0.695200,,0
44,6,0.885542,0.849711,0.513272,,0
44,7,0.783217,0.704403,0.411108,,0
44,8,0.785146,0.678899,0.773290,,0
44,9,0.853186,0.757426,0.863344,,0
44,10,0.805556,0.721393,0.404290,,0
44,11,0.872093,0.810811,0.741364,,0
44,12,0.788530,0.691824,0.339226,,0
44,13,0.807122,0.747191,0.561231,,0
44,14,0.922581,0.880503,0.669936,,0
44,15,0.913333,0.861635,0.645622,,0
44,16,0.881459,0.835294,0.426056,,0
44,17,0.816438,0.718447,0.456667,,0
44,18,0.895954,0.823529,0.314102,,0
44,19,0.720988,0.593496,0.430880,,0
44,20,0.864553,0.792553,0.686747,,0
44,21,0.875000,0.830508,0.593807,,0
44,22,0.819945,0.732673,0.499137,,0
44,23,0.822785,0.761006,0.434450,,0
44,24,0.920128,0.899371,0.962040,,0
44,25,0.900000,0.894410,0.476570,,0
44,26,0.786280,0.677273,0.796491,,0
44,27,0.827778,0.741294,0.625405,,0
44,28,0.883582,0.840909,0.598838,,0
44,29,0.760976,0.621514,0.706546,,0
44,30,0.764398,0.650224,0.471597,,0
44,31,0.868035,0.807692,0.388186,,0
44,32,0.816054,0.767296,0.668612,,0
44,33,0.886228,0.840000,0.343575,,0
44,34,0.811828,0.704225,0.488694,,0
44,35,0.847059,0.790055,0.281801,,0
44,36,0.759162,0.650224,0.633899,,0
44,37,0.875000,0.830508,0.546194,,0
44,38,0.887500,0.826087,0.918963,,0
44,39,0.870056,0.779487,0.497017,,0
44,40,0.915825,0.855346,0.544009,,0
44,41,0.881657,0.826816,0.554058,,0
44,42,0.792746,0.674009,0.533716,,0
44,43,0.890909,0.847953,0.530885,,0
44,44,0.781250,0.666667,0.468871,37.75470877721977,1
44,45,0.796657,0.715000,0.547300,,0
44,46,0.892308,0.867470,0.525928,,0
44,47,0.850575,0.777778,0.508701,,0
44,48,0.851429,0.769634,0.705347,,0
44,49,0.852665,0.775000,0.438353,,0
44,50,0.792651,0.680180,0.662827,,0
44,51,0.802198,0.712195,0.582875,,0
44,52,0.894040,0.836478,0.536733,,0
44,53,0.875000,0.830508,0.511952,,0
44,54,0.865497,0.781421,0.525081,,0
44,55,0.906149,0.855346,0.594709,,0
44,56,0.893491,0.832402,0.487212,,0
44,57,0.812155,0.724138,0.742079,,0
44,58,0.923567,0.886792,0.404322,,0
44,59,0.919094,0.849057,0.935213,,0
44,60,0.915888,0.888889,0.648049,,0
44,61,0.793939,0.730994,0.554264,,0
44,62,0.805556,0.721393,0.368894,,0
44,63,0.823204,0.733990,0.389075,,0
44,64,0.842697,0.761421,0.620740,,0
44,65,0.874251,0.800000,0.446538,,0
44,66,0.861357,0.811111,0.449866,,0
44,67,0.844828,0.772487,0.444833,,0
44,68,0.829545,0.756477,0.625980,,0
44,69,0.832861,0.757732,0.782639,,0
44,70,0.867257,0.811111,0.732776,,0
44,71,0.912387,0.854651,0.546792,,0
44,72,0.914826,0.861635,0.820362,,0
44,73,0.803987,0.742138,0.859202,,0
44,74,0.815217,0.717703,0.769403,,0
44,75,0.860399,0.786458,0.422644,,0
44,76,0.892617,0.830189,0.572078,,0
44,77,0.910891,0.855346,0.522248,,0
44,78,0.831025,0.742574,0.567967,,0
44,79,0.860399,0.781250,0.916070,,0
44,80,0.881159,0.817204,0.437110,,0
45,1,0.786096,0.674312,0.680732,,0
45,2,0.739884,0.587156,0.787506,,0
45,3,0.680307,0.610092,0.708302,,0
45,4,0.859375,0.756881,0.483828,,0
45,5,0.752089,0.619266,0.617156,,0
45,6,0.869565,0.775229,0.719551,,0
45,7,0.689855,0.536697,0.935223,,0
45,8,0.903670,0.885321,0.468001,,0
45,9,0.876190,0.821101,0.457801,,0
45,10,0.935561,0.880734,0.840186,,0
45,11,0.893300,0.825688,0.344852,,0
45,12,0.698225,0.541284,0.951916,,0
45,13,0.737374,0.669725,0.647589,,0
45,14,0.818428,0.692661,0.432297,,0
45,15,0.785515,0.646789,0.554081,,0
45,16,0.840206,0.747706,0.880236,,0
45,17,0.919811,0.871560,0.704519,,0
45,18,0.844444,0.770642,0.937458,,0
45,19,0.849138,0.800813,0.741805,,0
45,20,0.896552,0.830275,0.546749,,0
45,21,0.896203,0.811927,0.541970,,0
45,22,0.909524,0.853211,0.765463,,0
45,23,0.757333,0.642202,0.845850,,0
45,24,0.806452,0.688073,0.295189,,0
45,25,0.849604,0.738532,0.727800,,0
45,26,0.899543,0.863636,0.571696,,0
45,27,0.921241,0.871560,0.653624,,0
45,28,0.847716,0.761468,0.614244,,0
45,29,0.869936,0.812749,0.747869,,0
45,30,0.879819,0.865471,0.819162,,0
45,31,0.895000,0.821101,0.778418,,0
45,32,0.731844,0.600917,0.571437,,0
45,33,0.875318,0.788991,0.837327,,0
45,34,0.904872,0.857798,0.648524,,0
45,35,0.907268,0.830275,0.895845,,0
45,36,0.888889,0.874439,0.460837,,0
45,37,0.870886,0.788991,0.606726,,0
45,38,0.807388,0.697248,0.402792,,0
45,39,0.852300,0.798165,0.685495,,0
45,40,0.775281,0.633028,0.621208,,0
45,41,0.876574,0.793578,0.628911,,0
45,42,0.894382,0.859031,0.734058,,0
45,43,0.868895,0.775229,0.769013,,0
45,44,0.907449,0.875556,0.872026,,0
45,45,0.923445,0.885321,0.517585,48.23194747129146,1
45,46,0.864583,0.761468,0.785328,,0
45,47,0.914005,0.848624,0.749853,,0
45,48,0.899756,0.834862,0.467961,,0
45,49,0.761905,0.660550,0.904166,,0
45,50,0.904545,0.869369,0.557436,,0
45,51,0.921986,0.880734,0.656576,,0
45,52,0.792244,0.655963,0.657357,,0
45,53,0.896203,0.811927,0.730140,,0
45,54,0.822943,0.756881,0.781205,,0
45,55,0.809783,0.683486,0.477416,,0
45,56,0.886650,0.807339,0.676473,,0
45,57,0.931116,0.880734,0.621315,,0
45,58,0.831099,0.711009,0.776418,,0
45,59,0.798913,0.674312,0.376122,,0
45,60,0.836842,0.729358,0.334073,,0
45,61,0.704370,0.623853,0.477321,,0
45,62,0.930788,0.876147,0.832195,,0
45,63,0.926366,0.871560,0.574243,,0
45,64,0.910843,0.862385,0.676525,,0
45,65,0.804071,0.720183,0.666755,,0
45,66,0.899497,0.821101,0.582031,,0
45,67,0.909091,0.848624,0.822449,,0
45,68,0.939173,0.885321,0.603440,,0
45,69,0.917476,0.862385,0.460240,,0
45,70,0.899497,0.821101,0.419214,,0
45,71,0.866667,0.775229,0.658587,,0
45,72,0.829787,0.715596,0.711554,,0
45,73,0.700000,0.577982,0.352697,,0
45,74,0.932084,0.880734,0.400855,,0
45,75,0.902439,0.844037,0.754631,,0
45,76,0.778711,0.637615,0.777122,,0
45,77,0.790055,0.655963,0.661572,,0
45,78,0.928571,0.876147,0.560850,,0
45,79,0.897561,0.834862,0.445400,,0
45,80,0.871287,0.807339,0.448359,,0
46,1,0.774194,0.711538,0.913728,,0
46,2,0.723404,0.662338,0.774540,,0
46,3,0.807339,0.716763,0.676820,,0
46,4,0.681250,0.650602,0.597866,,0
46,5,0.806780,0.740260,0.779381,,0
46,6,0.691131,0.653179,0.900622,,0
46,7,0.811388,0.694805,0.501396,,0
46,8,0.591398,0.504587,0.693773,,0
46,9,0.713483,0.613861,0.446611,,0
46,10,0.597183,0.527363,0.473972,,0
46,11,0.654867,0.600000,0.516884,,0
46,12,0.817518,0.701299,0.544417,,0
46,13,0.819277,0.724719,0.841251,,0
46,14,0.695082,0.675325,0.512032,,0
46,15,0.738983,0.701299,0.266450,,0
46,16,0.697531,0.658824,0.592253,,0
46,17,0.644444,0.558252,0.566582,,0
46,18,0.739003,0.663102,0.480620,,0
46,19,0.530000,0.430894,0.713216,,0
46,20,0.695906,0.617021,0.392274,,0
46,21,0.646526,0.604520,0.837295,,0
46,22,0.634831,0.554455,0.567118,,0
46,23,0.778135,0.719745,0.445190,,0
46,24,0.727273,0.701299,0.423080,,0
46,25,0.653968,0.639752,0.798534,,0
46,26,0.588235,0.500000,0.459093,,0
46,27,0.642254,0.567164,0.819881,,0
46,28,0.678788,0.630682,0.848600,,0
46,29,0.617284,0.498008,0.754439,,0
46,30,0.557029,0.470852,0.621562,,0
46,31,0.654762,0.604396,0.492324,,0
46,32,0.782313,0.720779,0.660158,,0
46,33,0.686930,0.640000,0.750505,,0
46,34,0.615804,0.530516,0.319645,,0
46,35,0.626866,0.580110,0.507189,,0
46,36,0.562334,0.475336,0.884217,,0
46,37,0.682779,0.632768,0.419500,,0
46,38,0.749206,0.670807,0.602319,,0
46,39,0.744986,0.651282,0.698687,,0
46,40,0.719178,0.681818,0.942154,,0
46,41,0.696697,0.642458,0.919407,,0
46,42,0.608924,0.511013,0.711752,,0
46,43,0.695385,0.649123,0.719799,,0
46,44,0.601583,0.506667,0.591696,,0
46,45,0.581921,0.515000,0.896324,,0
46,46,0.681250,0.656627,0.707560,47.77489289459019,1
46,47,0.653061,0.592593,0.676958,,0
46,48,0.660870,0.596859,0.787468,,0
46,49,0.783439,0.700000,0.572330,,0
46,50,0.617021,0.522523,0.292477,,0
46,51,0.596100,0.521951,0.651595,,0
46,52,0.734007,0.694805,0.344049,,0
46,53,0.652568,0.610169,0.836041,,0
46,54,0.765579,0.666667,0.696953,,0
46,55,0.750000,0.714286,0.696603,,0
46,56,0.678679,0.625698,0.750430,,0
46,57,0.621849,0.541872,0.345965,,0
46,58,0.699029,0.696774,0.342690,,0
46,59,0.743421,0.707792,0.410921,,0
46,60,0.696203,0.666667,0.527618,,0
46,61,0.800000,0.701754,0.898053,,0
46,62,0.602817,0.532338,0.426029,,0
46,63,0.627451,0.551724,0.260105,,0
46,64,0.649573,0.578680,0.718800,,0
46,65,0.747720,0.680000,0.918090,,0
46,66,0.640719,0.594444,0.249116,,0
46,67,0.653061,0.592593,0.397743,,0
46,68,0.610951,0.549223,0.672037,,0
46,69,0.649425,0.577320,0.594612,,0
46,70,0.652695,0.605556,0.765321,,0
46,71,0.711656,0.668605,0.368995,,0
46,72,0.724359,0.702532,0.706003,,0
46,73,0.804054,0.727273,0.531884,,0
46,74,0.611570,0.531100,0.805272,,0
46,75,0.658960,0.593750,0.335173,,0
46,76,0.750853,0.707792,0.642016,,0
46,77,0.744966,0.701299,0.313601,,0
46,78,0.634831,0.559406,0.828023,,0
46,79,0.687861,0.619792,0.614699,,0
46,80,0.705882,0.645161,0.876473,,0
47,1,0.780627,0.702564,0.427833,,0
47,2,0.792570,0.656410,0.390477,,0
47,3,0.668478,0.630769,0.396753,,0
47,4,0.886427,0.820513,0.368343,,0
47,5,0.755952,0.646154,0.395937,,0
47,6,0.896739,0.841026,0.375866,,0
47,7,0.708075,0.584615,0.506453,,0
47,8,0.895884,0.848624,0.592387,,0
47,9,0.891688,0.821782,0.615790,,0
47,10,0.914141,0.900498,0.544191,,0
47,11,0.926316,0.887179,0.354194,,0
47,12,0.717460,0.579487,0.562598,,0
47,13,0.729223,0.697436,0.263915,,0
47,14,0.855491,0.758974,0.735552,,0
47,15,0.815476,0.702564,0.900061,,0
47,16,0.882192,0.825641,0.490912,,0
47,17,0.917706,0.873786,0.296265,,0
47,18,0.863874,0.825641,0.555410,,0
47,19,0.829932,0.743902,0.394847,,0
47,20,0.908616,0.866667,0.802546,,0
47,21,0.935484,0.892308,0.278976,,0
47,22,0.911839,0.866337,0.250420,,0
47,23,0.778409,0.687179,0.849861,,0
47,24,0.830946,0.743590,0.490957,,0
47,25,0.898876,0.820513,0.379743,,0
47,26,0.886747,0.827273,0.765670,,0
47,27,0.934343,0.905473,0.345204,,0
47,28,0.867925,0.825641,0.278244,,0
47,29,0.856502,0.760956,0.375035,,0
47,30,0.866029,0.811659,0.563148,,0
47,31,0.928382,0.887179,0.602008,,0
47,32,0.746269,0.641026,0.368555,,0
47,33,0.918919,0.871795,0.365357,,0
47,34,0.901961,0.863850,0.859531,,0
47,35,0.946809,0.902564,0.455616,,0
47,36,0.870813,0.816143,0.328212,,0
47,37,0.924731,0.882051,0.786173,,0
47,38,0.825843,0.753846,0.527547,,0
47,39,0.866667,0.846154,0.358459,,0
47,40,0.810811,0.692308,0.280818,,0
47,41,0.898396,0.861538,0.306429,,0
47,42,0.876777,0.814978,0.340723,,0
47,43,0.901639,0.846154,0.451292,,0
47,44,0.890476,0.831111,0.456046,,0
47,45,0.911392,0.900000,0.345420,,0
47,46,0.897507,0.830769,0.502147,,0
47,47,0.947917,0.902564,0.459144,38.82599703071207,1
47,48,0.932642,0.882051,0.406586,,0
47,49,0.788732,0.712821,0.573127,,0
47,50,0.892086,0.837838,0.921879,,0
47,51,0.910000,0.887805,0.326916,,0
47,52,0.828402,0.717949,0.778185,,0
47,53,0.924731,0.882051,0.293535,,0
47,54,0.851852,0.815385,0.484865,,0
47,55,0.840580,0.743590,0.304058,,0
47,56,0.898396,0.856410,0.344359,,0
47,57,0.929648,0.906404,0.873654,,0
47,58,0.880000,0.789744,0.835627,,0
47,59,0.817391,0.723077,0.406844,,0
47,60,0.868347,0.794872,0.352747,,0
47,61,0.715847,0.671795,0.261350,,0
47,62,0.924242,0.910448,0.664271,,0
47,63,0.924623,0.886700,0.729143,,0
47,64,0.938776,0.898477,0.365550,,0
47,65,0.821622,0.769231,0.296434,,0
47,66,0.938667,0.902564,0.879873,,0
47,67,0.947917,0.902564,0.841866,,0
47,68,0.938144,0.923077,0.402507,,0
47,69,0.940874,0.897436,0.397101,,0
47,70,0.938667,0.897436,0.296698,,0
47,71,0.882834,0.830769,0.874319,,0
47,72,0.861190,0.779487,0.572961,,0
47,73,0.694362,0.600000,0.540858,,0
47,74,0.896040,0.866029,0.381977,,0
47,75,0.919897,0.861538,0.883673,,0
47,76,0.814371,0.697436,0.428063,,0
47,77,0.820059,0.712821,0.820197,,0
47,78,0.926952,0.881188,0.335000,,0
47,79,0.935401,0.892308,0.495481,,0
47,80,0.892388,0.871795,0.297820,,0
48,1,0.809384,0.745946,0.724736,,0
48,2,0.817891,0.691892,0.674786,,0
48,3,0.687151,0.648649,0.801632,,0
48,4,0.928775,0.875676,0.933300,,0
48,5,0.785276,0.691892,0.900536,,0
48,6,0.921788,0.881081,0.735997,,0
48,7,0.730769,0.616216,0.412961,,0
48,8,0.878412,0.811927,0.849795,,0
48,9,0.894057,0.821782,0.814398,,0
48,10,0.896373,0.860697,0.430847,,0
48,11,0.935135,0.897297,0.868018,,0
48,12,0.721311,0.594595,0.350002,,0
48,13,0.749311,0.718919,0.770209,,0
48,14,0.880952,0.800000,0.731620,,0
48,15,0.846626,0.745946,0.531559,,0
48,16,0.901408,0.859459,0.479255,,0
48,17,0.900256,0.854369,0.560340,,0
48,18,0.897849,0.850267,0.289879,,0
48,19,0.812065,0.711382,0.509415,,0
48,20,0.932976,0.888298,0.667519,,0
48,21,0.950276,0.924324,0.870335,,0
48,22,0.894057,0.851485,0.578460,,0
48,23,0.783626,0.718919,0.352617,,0
48,24,0.867257,0.794595,0.821838,,0
48,25,0.924855,0.864865,0.619431,,0
48,26,0.864198,0.795455,0.711689,,0
48,27,0.917098,0.875622,0.826397,,0
48,28,0.903047,0.864865,0.835793,,0
48,29,0.834862,0.725100,0.798223,,0
48,30,0.848039,0.775785,0.532833,,0
48,31,0.942779,0.902703,0.420553,,0
48,32,0.769231,0.664865,0.780972,,0
48,33,0.927778,0.891892,0.490730,,0
48,34,0.889447,0.830986,0.365863,,0
48,35,0.939891,0.918919,0.267035,,0
48,36,0.852941,0.780269,0.922190,,0
48,37,0.939227,0.908108,0.528269,,0
48,38,0.843931,0.789189,0.944597,,0
48,39,0.878947,0.835897,0.610782,,0
48,40,0.848297,0.740541,0.802480,,0
48,41,0.934066,0.897297,0.792244,,0
48,42,0.859223,0.779736,0.649241,,0
48,43,0.915730,0.875676,0.618142,,0
48,44,0.868293,0.791111,0.483812,,0
48,45,0.893506,0.860000,0.836485,,0
48,46,0.928775,0.881081,0.618389,,0
48,47,0.935829,0.910053,0.571451,,0
48,48,0.925532,0.895288,0.881399,38.029527405412125,1
48,49,0.823188,0.762162,0.477850,,0
48,50,0.879607,0.797297,0.555620,,0
48,51,0.897436,0.853659,0.751064,,0
48,52,0.847561,0.751351,0.404437,,0
48,53,0.944751,0.908108,0.695438,,0
48,54,0.853261,0.805405,0.593859,,0
48,55,0.871642,0.783784,0.859060,,0
48,56,0.923077,0.881081,0.629395,,0
48,57,0.907216,0.866995,0.595885,,0
48,58,0.905882,0.832432,0.303644,,0
48,59,0.841791,0.762162,0.768923,,0
48,60,0.899135,0.843243,0.767280,,0
48,61,0.724719,0.686486,0.808869,,0
48,62,0.906736,0.870647,0.331357,,0
48,63,0.902062,0.862069,0.314157,,0
48,64,0.926702,0.898477,0.783656,,0
48,65,0.833333,0.794595,0.677075,,0
48,66,0.947945,0.918919,0.423897,,0
48,67,0.941176,0.904762,0.338206,,0
48,68,0.920635,0.896373,0.830326,,0
48,69,0.934037,0.902062,0.889021,,0
48,70,0.947945,0.913514,0.916439,,0
48,71,0.913165,0.881081,0.451883,,0
48,72,0.886297,0.821622,0.853827,,0
48,73,0.715596,0.632432,0.898658,,0
48,74,0.888325,0.837321,0.944065,,0
48,75,0.923077,0.880208,0.334704,,0
48,76,0.845679,0.740541,0.689483,,0
48,77,0.851064,0.756757,0.357098,,0
48,78,0.919897,0.871287,0.844859,,0
48,79,0.933687,0.895833,0.948880,,0
48,80,0.927224,0.876344,0.718116,,0
49,1,0.754209,0.685897,0.594161,,0
49,2,0.684015,0.652482,0.530850,,0
49,3,0.821656,0.722543,0.596011,,0
49,4,0.651466,0.602410,0.685320,,0
49,5,0.787234,0.695035,0.635050,,0
49,6,0.662420,0.595376,0.550895,,0
49,7,0.805970,0.723404,0.371790,,0
49,8,0.562674,0.463303,0.944812,,0
49,9,0.682216,0.569307,0.747260,,0
49,10,0.561404,0.477612,0.329431,,0
49,11,0.625767,0.551351,0.697952,,0
49,12,0.804598,0.716312,0.351093,,0
49,13,0.796238,0.685393,0.512085,,0
49,14,0.657534,0.635762,0.916604,,0
49,15,0.702128,0.680851,0.706098,,0
49,16,0.668810,0.605882,0.325462,,0
49,17,0.616715,0.514563,0.376069,,0
49,18,0.719512,0.604278,0.355871,,0
49,19,0.506460,0.398374,0.314341,,0
49,20,0.668693,0.579787,0.770405,,0
49,21,0.616352,0.553672,0.628345,,0
49,22,0.594752,0.500000,0.344877,,0
49,23,0.771812,0.719745,0.529841,,0
49,24,0.684746,0.649351,0.837179,,0
49,25,0.615894,0.577640,0.406307,,0
49,26,0.559557,0.459091,0.883671,,0
49,27,0.602339,0.512438,0.599591,,0
49,28,0.656151,0.590909,0.532211,,0
49,29,0.596939,0.466135,0.570077,,0
49,30,0.521978,0.426009,0.322230,,0
49,31,0.619195,0.549451,0.340841,,0
49,32,0.768683,0.702128,0.537299,,0
49,33,0.651899,0.588571,0.432020,,0
49,34,0.581921,0.483568,0.544002,,0
49,35,0.596273,0.530387,0.299519,,0
49,36,0.527473,0.430493,0.740709,,0
49,37,0.647799,0.581921,0.802665,,0
49,38,0.735099,0.664596,0.848905,,0
49,39,0.738095,0.630769,0.290649,,0
49,40,0.681004,0.659574,0.574761,,0
49,41,0.668750,0.597765,0.548040,,0
49,42,0.581522,0.471366,0.388913,,0
49,43,0.666667,0.608187,0.361678,,0
49,44,0.579235,0.462222,0.300440,,0
49,45,0.551320,0.470000,0.640431,,0
49,46,0.644951,0.596386,0.375753,,0
49,47,0.618182,0.534392,0.307867,,0
49,48,0.638554,0.554974,0.785462,,0
49,49,0.757475,0.681250,0.369838,41.32548129745471,1
49,50,0.584022,0.477477,0.706422,,0
49,51,0.560694,0.473171,0.480265,,0
49,52,0.711268,0.685315,0.570343,,0
49,53,0.622642,0.559322,0.474331,,0
49,54,0.734568,0.633880,0.336299,,0
49,55,0.721649,0.693333,0.643025,,0
49,56,0.643750,0.569832,0.344132,,0
49,57,0.593023,0.502463,0.714561,,0
49,58,0.662162,0.632258,0.446972,,0
49,59,0.721649,0.673333,0.691774,,0
49,60,0.660066,0.617284,0.655168,,0
49,61,0.782051,0.690058,0.567667,,0
49,62,0.578947,0.492537,0.491474,,0
49,63,0.593023,0.502463,0.538237,,0
49,64,0.621302,0.527919,0.553775,,0
49,65,0.727848,0.645714,0.503476,,0
49,66,0.610592,0.544444,0.561952,,0
49,67,0.630303,0.550265,0.461954,,0
49,68,0.580838,0.502591,0.643595,,0
49,69,0.620896,0.530928,0.681253,,0
49,70,0.623053,0.555556,0.727005,,0
49,71,0.670927,0.610465,0.676176,,0
49,72,0.695652,0.651899,0.677062,,0
49,73,0.784452,0.683099,0.797660,,0
49,74,0.582857,0.488038,0.798909,,0
49,75,0.630631,0.546875,0.499400,,0
49,76,0.721429,0.695035,0.518664,,0
49,77,0.715789,0.680556,0.504487,,0
49,78,0.600583,0.509901,0.672617,,0
49,79,0.660661,0.572917,0.813258,,0
49,80,0.685015,0.602151,0.683290,,0
50,1,0.817910,0.765363,0.767435,,0
50,2,0.833876,0.715084,0.597970,,0
50,3,0.676136,0.653631,0.624994,,0
50,4,0.939130,0.899441,0.741731,,0
50,5,0.775000,0.692737,0.781453,,0
50,6,0.926136,0.910615,0.713752,,0
50,7,0.712418,0.603352,0.349364,,0
50,8,0.881612,0.802752,0.739000,,0
50,9,0.902887,0.836634,0.768087,,0
50,10,0.905263,0.850746,0.495529,,0
50,11,0.939560,0.913514,0.696769,,0
50,12,0.722408,0.603352,0.289267,,0
50,13,0.733894,0.703911,0.692321,,0
50,14,0.896970,0.826816,0.633600,,0
50,15,0.856250,0.765363,0.381138,,0
50,16,0.905444,0.877095,0.562541,,0
50,17,0.898701,0.839806,0.621584,,0
50,18,0.896175,0.855615,0.252826,,0
50,19,0.814118,0.703252,0.567308,,0
50,20,0.931880,0.893617,0.354383,,0
50,21,0.955056,0.932961,0.736091,,0
50,22,0.902887,0.851485,0.534730,,0
50,23,0.785714,0.726257,0.214073,,0
50,24,0.870871,0.810056,0.653376,,0
50,25,0.947059,0.899441,0.732756,,0
50,26,0.867168,0.781818,0.547021,,0
50,27,0.915789,0.860697,0.723892,,0
50,28,0.918310,0.888268,0.739554,,0
50,29,0.832558,0.713147,0.686197,,0
50,30,0.855721,0.771300,0.607209,,0
50,31,0.947368,0.912088,0.302612,,0
50,32,0.752351,0.664804,0.917039,,0
50,33,0.937853,0.910615,0.483675,,0
50,34,0.882653,0.812207,0.247244,,0
50,35,0.944444,0.933702,0.238083,,0
50,36,0.850746,0.766816,0.824137,,0
50,37,0.938202,0.910615,0.377985,,0
50,38,0.847059,0.798883,0.788886,,0
50,39,0.882353,0.830769,0.708967,,0
50,40,0.870662,0.770950,0.775867,,0
50,41,0.938547,0.905028,0.770269,,0
50,42,0.862069,0.770925,0.765206,,0
50,43,0.920000,0.888268,0.685013,,0
50,44,0.866337,0.777778,0.449664,,0
50,45,0.891821,0.845000,0.885424,,0
50,46,0.939130,0.905028,0.661745,,0
50,47,0.951087,0.925926,0.624939,,0
50,48,0.935135,0.895288,0.832206,,0
50,49,0.796460,0.754190,0.554510,,0
50,50,0.872818,0.788288,0.392561,54.423602215081324,1
50,51,0.895833,0.839024,0.741426,,0
50,52,0.850932,0.765363,0.286138,,0
50,53,0.966292,0.938547,0.617082,,0
50,54,0.850829,0.819672,0.649493,,0
50,55,0.863222,0.793296,0.756307,,0
50,56,0.938547,0.899441,0.777931,,0
50,57,0.910995,0.857143,0.416674,,0
50,58,0.910180,0.849162,0.123264,,0
50,59,0.851064,0.770950,0.626381,,0
50,60,0.914956,0.865922,0.775361,,0
50,61,0.714286,0.687151,0.848623,,0
50,62,0.915789,0.860697,0.219521,,0
50,63,0.916230,0.862069,0.201379,,0
50,64,0.925532,0.878173,0.652669,,0
50,65,0.847458,0.810056,0.701918,,0
50,66,0.952646,0.927778,0.251089,,0
50,67,0.934783,0.904762,0.183698,,0
50,68,0.924731,0.891192,0.698523,,0
50,69,0.932976,0.891753,0.785925,,0
50,70,0.941504,0.911111,0.823665,,0
50,71,0.917379,0.893855,0.302621,,0
50,72,0.896142,0.837989,0.801812,,0
50,73,0.710280,0.631285,0.797929,,0
50,74,0.896907,0.832536,0.843827,,0
50,75,0.921833,0.890625,0.157516,,0
50,76,0.849057,0.754190,0.692363,,0
50,77,0.854489,0.770950,0.245331,,0
50,78,0.913386,0.856436,0.804378,,0
50,79,0.932615,0.890625,0.709741,,0
50,80,0.926027,0.876344,0.498370,,0
51,1,0.825581,0.750000,0.923036,,0
51,2,0.810127,0.680851,0.826530,,0
51,3,0.681440,0.627660,0.676538,,0
51,4,0.915254,0.856383,0.544807,,0
51,5,0.772036,0.675532,0.736347,,0
51,6,0.908587,0.872340,0.900135,,0
51,7,0.711111,0.595745,0.709553,,0
51,8,0.881773,0.821101,0.516423,,0
51,9,0.902564,0.836634,0.485198,,0
51,10,0.904884,0.875622,0.656844,,0
51,11,0.932976,0.893617,0.379656,,0
51,12,0.707792,0.579787,0.769867,,0
51,13,0.737705,0.707447,0.852763,,0
51,14,0.884956,0.797872,0.354052,,0
51,15,0.832827,0.728723,0.350965,,0
51,16,0.888268,0.840426,0.849319,,0
51,17,0.903553,0.854369,0.615412,,0
51,18,0.885333,0.840426,0.705314,,0
51,19,0.811060,0.715447,0.961160,,0
51,20,0.930851,0.882979,0.355034,,0
51,21,0.942466,0.909574,0.669969,,0
51,22,0.902564,0.866337,0.661168,,0
51,23,0.765217,0.696809,0.678812,,0
51,24,0.865497,0.787234,0.327591,,0
51,25,0.922636,0.856383,0.963859,,0
51,26,0.862745,0.800000,0.427168,,0
51,27,0.920308,0.885572,0.778775,,0
51,28,0.906593,0.867021,0.834739,,0
51,29,0.833713,0.729084,0.812056,,0
51,30,0.856448,0.789238,0.922238,,0
51,31,0.940541,0.898936,0.745911,,0
51,32,0.737805,0.643617,0.716884,,0
51,33,0.925620,0.882979,0.836459,,0
51,34,0.882793,0.830986,0.528172,,0
51,35,0.948509,0.920213,0.738350,,0
51,36,0.856448,0.789238,0.675930,,0
51,37,0.936986,0.904255,0.344102,,0
51,38,0.848138,0.781915,0.499027,,0
51,39,0.856397,0.815385,0.929697,,0
51,40,0.840491,0.728723,0.860765,,0
51,41,0.920981,0.872340,0.901433,,0
51,42,0.872289,0.792952,0.858299,,0
51,43,0.908078,0.861702,0.959759,,0
51,44,0.876513,0.804444,0.865817,,0
51,45,0.896907,0.870000,0.768496,,0
51,46,0.920904,0.861702,0.945972,,0
51,47,0.938992,0.920635,0.935892,,0
51,48,0.923483,0.879581,0.641653,,0
51,49,0.798851,0.734043,0.801034,,0
51,50,0.868293,0.797297,0.374779,,0
51,51,0.890585,0.853659,0.659504,40.92785049890074,1
51,52,0.839879,0.739362,0.523580,,0
51,53,0.942466,0.904255,0.871036,,0
51,54,0.846361,0.797872,0.950820,,0
51,55,0.846154,0.760638,0.564298,,0
51,56,0.920981,0.888298,0.904530,,0
51,57,0.905371,0.871921,0.466416,,0
51,58,0.892128,0.813830,0.563268,,0
51,59,0.840237,0.755319,0.415299,,0
51,60,0.902857,0.840426,0.390346,,0
51,61,0.729805,0.686170,0.828949,,0
51,62,0.899743,0.870647,0.615358,,0
51,63,0.915601,0.881773,0.386981,,0
51,64,0.929870,0.893401,0.744711,,0
51,65,0.837466,0.797872,0.892403,,0
51,66,0.951087,0.909574,0.350926,,0
51,67,0.933687,0.910053,0.638681,,0
51,68,0.918635,0.901554,0.582306,,0
51,69,0.937173,0.896907,0.516607,,0
51,70,0.945652,0.898936,0.573497,,0
51,71,0.911111,0.867021,0.494331,,0
51,72,0.867052,0.797872,0.788343,,0
51,73,0.709091,0.622340,0.469908,,0
51,74,0.896725,0.846890,0.591161,,0
51,75,0.926316,0.880208,0.523774,,0
51,76,0.819572,0.712766,0.717844,,0
51,77,0.843373,0.744681,0.546644,,0
51,78,0.912821,0.876238,0.676647,,0
51,79,0.921053,0.880208,0.532865,,0
51,80,0.903743,0.861702,0.636307,,0
52,1,0.869841,0.830189,0.452335,,0
52,2,0.891986,0.805031,0.433815,,0
52,3,0.716867,0.664740,0.661723,,0
52,4,0.910769,0.885542,0.716408,,0
52,5,0.813333,0.761006,0.594706,,0
52,6,0.915663,0.872832,0.388254,,0
52,7,0.769231,0.685535,0.460613,,0
52,8,0.816976,0.706422,0.806276,,0
52,9,0.847645,0.757426,0.733199,,0
52,10,0.833333,0.746269,0.414579,,0
52,11,0.883721,0.821622,0.677452,,0
52,12,0.774194,0.679245,0.465066,,0
52,13,0.783383,0.741573,0.416916,,0
52,14,0.954839,0.911950,0.734398,,0
52,15,0.906667,0.855346,0.785634,,0
52,16,0.936170,0.900000,0.277121,,0
52,17,0.843836,0.742718,0.385786,,0
52,18,0.884393,0.818182,0.461876,,0
52,19,0.745679,0.613821,0.296102,,0
52,20,0.876081,0.803191,0.866335,,0
52,21,0.886905,0.841808,0.521741,,0
52,22,0.831025,0.742574,0.421700,,0
52,23,0.841772,0.811321,0.578580,,0
52,24,0.920128,0.893082,0.854299,,0
52,25,0.918750,0.913043,0.283774,,0
52,26,0.796834,0.686364,0.861393,,0
52,27,0.861111,0.771144,0.549046,,0
52,28,0.889552,0.846591,0.447366,,0
52,29,0.765854,0.625498,0.596501,,0
52,30,0.785340,0.672646,0.318560,,0
52,31,0.879765,0.818681,0.502394,,0
52,32,0.809365,0.754717,0.420259,,0
52,33,0.928144,0.885714,0.318313,,0
52,34,0.817204,0.713615,0.615349,,0
52,35,0.870588,0.812155,0.367745,,0
52,36,0.780105,0.668161,0.525219,,0
52,37,0.922619,0.870056,0.648128,,0
52,38,0.893750,0.819876,0.803311,,0
52,39,0.875706,0.794872,0.257423,,0
52,40,0.915825,0.855346,0.400671,,0
52,41,0.911243,0.849162,0.393795,,0
52,42,0.797927,0.674009,0.288708,,0
52,43,0.915152,0.877193,0.342862,,0
52,44,0.807292,0.688889,0.450228,,0
52,45,0.813370,0.730000,0.368674,,0
52,46,0.929231,0.903614,0.347271,,0
52,47,0.885057,0.814815,0.360954,,0
52,48,0.902857,0.827225,0.667323,,0
52,49,0.840125,0.793750,0.411530,,0
52,50,0.808399,0.693694,0.766595,,0
52,51,0.818681,0.726829,0.443643,,0
52,52,0.920530,0.874214,0.709347,33.00768300302704,1
52,53,0.892857,0.847458,0.435642,,0
52,54,0.906433,0.825137,0.376139,,0
52,55,0.919094,0.886792,0.517388,,0
52,56,0.887574,0.832402,0.247661,,0
52,57,0.850829,0.758621,0.830780,,0
52,58,0.955414,0.930818,0.585844,,0
52,59,0.906149,0.880503,0.818658,,0
52,60,0.922118,0.895062,0.568230,,0
52,61,0.745455,0.684211,0.360315,,0
52,62,0.833333,0.746269,0.601873,,0
52,63,0.845304,0.753695,0.624672,,0
52,64,0.870787,0.786802,0.563391,,0
52,65,0.886228,0.794286,0.366381,,0
52,66,0.879056,0.822222,0.661069,,0
52,67,0.879310,0.809524,0.608079,,0
52,68,0.857955,0.782383,0.570203,,0
52,69,0.878187,0.798969,0.679411,,0
52,70,0.879056,0.822222,0.634092,,0
52,71,0.918429,0.877907,0.738441,,0
52,72,0.940063,0.911950,0.689677,,0
52,73,0.750831,0.710692,0.699123,,0
52,74,0.820652,0.722488,0.669501,,0
52,75,0.860399,0.786458,0.620695,,0
52,76,0.906040,0.849057,0.526852,,0
52,77,0.897690,0.849057,0.647983,,0
52,78,0.847645,0.752475,0.473928,,0
52,79,0.888889,0.807292,0.830502,,0
52,80,0.892754,0.822581,0.523636,,0
53,1,0.810811,0.762712,0.651916,,0
53,2,0.839344,0.723164,0.588846,,0
53,3,0.651429,0.632768,0.652902,,0
53,4,0.932945,0.898305,0.844878,,0
53,5,0.761006,0.683616,0.756268,,0
53,6,0.920000,0.903955,0.606453,,0
53,7,0.690789,0.593220,0.403341,,0
53,8,0.891139,0.807339,0.906314,,0
53,9,0.918206,0.861386,0.948047,,0
53,10,0.915344,0.860697,0.405342,,0
53,11,0.955801,0.924324,0.834116,,0
53,12,0.707071,0.593220,0.309122,,0
53,13,0.715493,0.707865,0.625859,,0
53,14,0.896341,0.830508,0.871088,,0
53,15,0.842767,0.757062,0.675741,,0
53,16,0.887608,0.864407,0.469830,,0
53,17,0.913838,0.849515,0.472804,,0
53,18,0.890110,0.850267,0.284067,,0
53,19,0.827423,0.711382,0.469566,,0
53,20,0.942466,0.898936,0.671503,,0
53,21,0.971751,0.949153,0.669409,,0
53,22,0.912929,0.856436,0.435871,,0
53,23,0.754491,0.711864,0.415734,,0
53,24,0.864048,0.802260,0.915207,,0
53,25,0.946746,0.903955,0.587138,,0
53,26,0.886650,0.800000,0.826781,,0
53,27,0.925926,0.865672,0.693321,,0
53,28,0.912181,0.892655,0.644643,,0
53,29,0.822430,0.701195,0.683117,,0
53,30,0.870000,0.780269,0.494661,,0
53,31,0.963788,0.934066,0.322011,,0
53,32,0.738170,0.661017,0.810165,,0
53,33,0.937500,0.920904,0.441454,,0
53,34,0.897436,0.821596,0.458144,,0
53,35,0.966480,0.955801,0.256627,,0
53,36,0.870000,0.780269,0.805798,,0
53,37,0.937853,0.920904,0.634246,,0
53,38,0.840237,0.796610,0.959153,,0
53,39,0.870968,0.825641,0.509515,,0
53,40,0.857143,0.762712,0.642162,,0
53,41,0.921348,0.888268,0.646955,,0
53,42,0.861386,0.766520,0.584802,,0
53,43,0.931034,0.909605,0.569898,,0
53,44,0.870647,0.777778,0.405483,,0
53,45,0.917772,0.865000,0.752072,,0
53,46,0.938776,0.909605,0.565298,,0
53,47,0.950820,0.920635,0.515610,,0
53,48,0.945652,0.900524,0.809229,,0
53,49,0.789318,0.751412,0.464129,,0
53,50,0.887218,0.797297,0.697932,,0
53,51,0.910995,0.848780,0.640412,,0
53,52,0.837500,0.757062,0.482011,,0
53,53,0.960452,0.949153,0.534274,47.51660235883298,1
53,54,0.833333,0.808743,0.533403,,0
53,55,0.856269,0.785311,0.761924,,0
53,56,0.938202,0.910615,0.569642,,0
53,57,0.926316,0.866995,0.722058,,0
53,58,0.909639,0.853107,0.357994,,0
53,59,0.844037,0.779661,0.812038,,0
53,60,0.902655,0.858757,0.811381,,0
53,61,0.701149,0.683616,0.704800,,0
53,62,0.920635,0.865672,0.358314,,0
53,63,0.921053,0.862069,0.365876,,0
53,64,0.935829,0.888325,0.666780,,0
53,65,0.835227,0.824859,0.559118,,0
53,66,0.969188,0.944444,0.492627,,0
53,67,0.950820,0.920635,0.383747,,0
53,68,0.945946,0.906736,0.738204,,0
53,69,0.943396,0.902062,0.845300,,0
53,70,0.974790,0.955556,0.821493,,0
53,71,0.916905,0.892655,0.544867,,0
53,72,0.883582,0.836158,0.835499,,0
53,73,0.695925,0.627119,0.967370,,0
53,74,0.901554,0.832536,0.853349,,0
53,75,0.943089,0.906250,0.388266,,0
53,76,0.835443,0.745763,0.642951,,0
53,77,0.853583,0.774011,0.452660,,0
53,78,0.923483,0.866337,0.767678,,0
53,79,0.948509,0.906250,0.901112,,0
53,80,0.931129,0.892473,0.549805,,0
54,1,0.750000,0.646226,0.866627,,0
54,2,0.752941,0.603774,0.769821,,0
54,3,0.618182,0.561321,0.770241,,0
54,4,0.857143,0.764151,0.642003,,0
54,5,0.713881,0.594340,0.793621,,0
54,6,0.867532,0.787736,0.792031,,0
54,7,0.648968,0.518868,0.733634,,0
54,8,0.948837,0.931193,0.537442,,0
54,9,0.864734,0.834906,0.585360,,0
54,10,0.953995,0.924528,0.753712,,0
54,11,0.891688,0.834906,0.472061,,0
54,12,0.656627,0.514151,0.793210,,0
54,13,0.687179,0.627358,0.814442,,0
54,14,0.820937,0.698113,0.369516,,0
54,15,0.776204,0.646226,0.472470,,0
54,16,0.832461,0.745283,0.764743,,0
54,17,0.937799,0.910377,0.675469,,0
54,18,0.827068,0.778302,0.724446,,0
54,19,0.890830,0.829268,0.909654,,0
54,20,0.885000,0.834906,0.526733,,0
54,21,0.894602,0.820755,0.705819,,0
54,22,0.922705,0.896226,0.720003,,0
54,23,0.720867,0.627358,0.634053,,0
54,24,0.803279,0.693396,0.417328,,0
54,25,0.857909,0.754717,0.891465,,0
54,26,0.935185,0.918182,0.491214,,0
54,27,0.939467,0.900943,0.818676,,0
54,28,0.835052,0.759434,0.811958,,0
54,29,0.898488,0.828685,0.859589,,0
54,30,0.928736,0.905830,0.867042,,0
54,31,0.893401,0.830189,0.754499,,0
54,32,0.698864,0.580189,0.730702,,0
54,33,0.873385,0.792453,0.699908,,0
54,34,0.945882,0.915493,0.498894,,0
54,35,0.921120,0.853774,0.699648,,0
54,36,0.933333,0.910314,0.660530,,0
54,37,0.884319,0.806604,0.311880,,0
54,38,0.777480,0.683962,0.576817,,0
54,39,0.825553,0.778302,0.888704,,0
54,40,0.777143,0.636792,0.807189,,0
54,41,0.869565,0.801887,0.835449,,0
54,42,0.929385,0.889868,0.789642,,0
54,43,0.861619,0.773585,0.942490,,0
54,44,0.942792,0.911111,0.927658,,0
54,45,0.970874,0.943396,0.691924,,0
54,46,0.867725,0.773585,0.904102,,0
54,47,0.917706,0.867925,0.990101,,0
54,48,0.903226,0.849057,0.659494,,0
54,49,0.752688,0.660377,0.814530,,0
54,50,0.940092,0.905405,0.499133,,0
54,51,0.968825,0.948113,0.720548,,0
54,52,0.788732,0.660377,0.551073,,0
54,53,0.889460,0.811321,0.858073,,0
54,54,0.794937,0.731132,0.989751,31.93238288394383,1
54,55,0.806630,0.688679,0.576620,,0
54,56,0.874680,0.801887,0.887072,,0
54,57,0.949398,0.919811,0.584786,,0
54,58,0.839237,0.726415,0.672515,,0
54,59,0.790055,0.674528,0.511509,,0
54,60,0.839572,0.740566,0.466955,,0
54,61,0.663185,0.594340,0.784519,,0
54,62,0.958838,0.929245,0.628758,,0
54,63,0.944578,0.924528,0.373753,,0
54,64,0.919315,0.886792,0.796991,,0
54,65,0.780362,0.712264,0.858497,,0
54,66,0.908163,0.839623,0.495257,,0
54,67,0.912718,0.858491,0.724999,,0
54,68,0.943210,0.900943,0.628383,,0
54,69,0.926108,0.886792,0.626527,,0
54,70,0.897959,0.830189,0.634125,,0
54,71,0.854167,0.768868,0.509127,,0
54,72,0.816216,0.702830,0.853492,,0
54,73,0.644068,0.537736,0.533839,,0
54,74,0.940618,0.905660,0.645962,,0
54,75,0.896040,0.853774,0.638996,,0
54,76,0.774929,0.641509,0.772638,,0
54,77,0.780899,0.650943,0.572868,,0
54,78,0.937198,0.910377,0.660270,,0
54,79,0.900990,0.853774,0.639221,,0
54,80,0.859296,0.801887,0.596476,,0
55,1,0.785924,0.718919,0.551045,,0
55,2,0.817891,0.691892,0.628494,,0
55,3,0.636872,0.616216,0.559248,,0
55,4,0.905983,0.859459,0.609078,,0
55,5,0.730061,0.643243,0.606019,,0
55,6,0.910615,0.881081,0.533282,,0
55,7,0.679487,0.572973,0.452484,,0
55,8,0.913151,0.844037,0.792724,,0
55,9,0.904393,0.836634,0.721188,,0
55,10,0.932642,0.895522,0.408164,,0
55,11,0.945946,0.913514,0.506566,,0
55,12,0.688525,0.567568,0.404655,,0
55,13,0.699725,0.675676,0.559865,,0
55,14,0.875000,0.789189,0.824045,,0
55,15,0.822086,0.724324,0.693619,,0
55,16,0.878873,0.837838,0.504452,,0
55,17,0.930946,0.883495,0.360630,,0
55,18,0.860215,0.839572,0.441939,,0
55,19,0.844548,0.739837,0.431379,,0
55,20,0.927614,0.888298,0.776448,,0
55,21,0.955801,0.935135,0.551794,,0
55,22,0.930233,0.891089,0.385143,,0
55,23,0.748538,0.686486,0.620900,,0
55,24,0.849558,0.778378,0.682692,,0
55,25,0.924855,0.864865,0.531526,,0
55,26,0.883951,0.813636,0.865696,,0
55,27,0.937824,0.900498,0.548426,,0
55,28,0.891967,0.870270,0.556446,,0
55,29,0.848624,0.737052,0.590623,,0
55,30,0.882353,0.807175,0.462137,,0
55,31,0.953678,0.929730,0.327019,,0
55,32,0.726154,0.637838,0.562172,,0
55,33,0.916667,0.891892,0.415662,,0
55,34,0.909548,0.849765,0.532545,,0
55,35,0.983607,0.967568,0.368418,,0
55,36,0.887255,0.811659,0.656804,,0
55,37,0.917127,0.891892,0.895231,,0
55,38,0.826590,0.772973,0.733667,,0
55,39,0.852632,0.825641,0.439794,,0
55,40,0.842105,0.729730,0.558055,,0
55,41,0.912088,0.897297,0.561981,,0
55,42,0.888350,0.806167,0.502463,,0
55,43,0.898876,0.864865,0.514017,,0
55,44,0.897561,0.817778,0.386659,,0
55,45,0.929870,0.895000,0.609109,,0
55,46,0.917379,0.870270,0.513354,,0
55,47,0.957219,0.941799,0.454618,,0
55,48,0.936170,0.916230,0.656083,,0
55,49,0.765217,0.713514,0.443053,,0
55,50,0.899263,0.824324,0.719250,,0
55,51,0.933333,0.887805,0.497929,,0
55,52,0.835366,0.740541,0.477236,,0
55,53,0.950276,0.924324,0.481757,,0
55,54,0.831522,0.821622,0.473693,,0
55,55,0.835821,0.751351,0.546929,37.883161097211705,1
55,56,0.923077,0.908108,0.490935,,0
55,57,0.948454,0.906404,0.679891,,0
55,58,0.882353,0.810811,0.621067,,0
55,59,0.823881,0.745946,0.470965,,0
55,60,0.893372,0.837838,0.412517,,0
55,61,0.674157,0.648649,0.594432,,0
55,62,0.932642,0.895522,0.528640,,0
55,63,0.938144,0.896552,0.482358,,0
55,64,0.958115,0.928934,0.527004,,0
55,65,0.822222,0.794595,0.467628,,0
55,66,0.969863,0.956757,0.626564,,0
55,67,0.957219,0.925926,0.584857,,0
55,68,0.952381,0.932642,0.586937,,0
55,69,0.960422,0.932990,0.532153,,0
55,70,0.953425,0.924324,0.517669,,0
55,71,0.890756,0.859459,0.647576,,0
55,72,0.862974,0.794595,0.658855,,0
55,73,0.666667,0.589189,0.799568,,0
55,74,0.913706,0.861244,0.630282,,0
55,75,0.944297,0.901042,0.668736,,0
55,76,0.827160,0.718919,0.496019,,0
55,77,0.826748,0.735135,0.459277,,0
55,78,0.935401,0.896040,0.590250,,0
55,79,0.928382,0.906250,0.741740,,0
55,80,0.900270,0.870968,0.515044,,0
56,1,0.883871,0.814103,0.432764,,0
56,2,0.907801,0.831169,0.350088,,0
56,3,0.788991,0.716763,0.521634,,0
56,4,0.862500,0.825301,0.456031,,0
56,5,0.861017,0.798701,0.484493,,0
56,6,0.856269,0.809249,0.344229,,0
56,7,0.811388,0.740260,0.487768,,0
56,8,0.752688,0.637615,0.679766,,0
56,9,0.814607,0.717822,0.600024,,0
56,10,0.766197,0.671642,0.646774,,0
56,11,0.831858,0.751351,0.434675,,0
56,12,0.817518,0.714286,0.582445,,0
56,13,0.837349,0.758427,0.266986,,0
56,14,0.878689,0.844156,0.689486,,0
56,15,0.915254,0.863636,0.955129,,0
56,16,0.845679,0.805882,0.428592,,0
56,17,0.783333,0.679612,0.335033,,0
56,18,0.850440,0.775401,0.567934,,0
56,19,0.685000,0.556911,0.307398,,0
56,20,0.830409,0.750000,0.901323,,0
56,21,0.821752,0.768362,0.355548,,0
56,22,0.758427,0.663366,0.290016,,0
56,23,0.855305,0.777070,0.749602,,0
56,24,0.883117,0.824675,0.537835,,0
56,25,0.838095,0.819876,0.298971,,0
56,26,0.748663,0.636364,0.752489,,0
56,27,0.788732,0.686567,0.365314,,0
56,28,0.830303,0.778409,0.317585,,0
56,29,0.735802,0.593625,0.405855,,0
56,30,0.716180,0.600897,0.473018,,0
56,31,0.815476,0.747253,0.707436,,0
56,32,0.857143,0.792208,0.391746,,0
56,33,0.832827,0.782857,0.293985,,0
56,34,0.768392,0.652582,0.841315,,0
56,35,0.800000,0.740331,0.373285,,0
56,36,0.710875,0.600897,0.357781,,0
56,37,0.833837,0.779661,0.659175,,0
56,38,0.888889,0.826087,0.552924,,0
56,39,0.848138,0.758974,0.309321,,0
56,40,0.917808,0.863636,0.277390,,0
56,41,0.852853,0.787709,0.302101,,0
56,42,0.750656,0.625551,0.308467,,0
56,43,0.855385,0.807018,0.424059,,0
56,44,0.749340,0.631111,0.468940,,0
56,45,0.745763,0.660000,0.339474,,0
56,46,0.856250,0.819277,0.474119,,0
56,47,0.810496,0.735450,0.457489,,0
56,48,0.800000,0.717277,0.571812,,0
56,49,0.859873,0.787500,0.646278,,0
56,50,0.760638,0.644144,0.912252,,0
56,51,0.752089,0.658537,0.351145,,0
56,52,0.895623,0.837662,0.896202,,0
56,53,0.833837,0.779661,0.281568,,0
56,54,0.842730,0.765027,0.473618,,0
56,55,0.894737,0.831169,0.386491,,0
56,56,0.834835,0.776536,0.338463,27.03620523050179,1
56,57,0.778711,0.684729,0.898719,,0
56,58,0.873786,0.845161,0.794291,,0
56,59,0.881579,0.818182,0.505145,,0
56,60,0.854430,0.820988,0.398955,,0
56,61,0.830769,0.736842,0.275087,,0
56,62,0.771831,0.681592,0.745537,,0
56,63,0.773109,0.679803,0.876220,,0
56,64,0.797721,0.710660,0.376493,,0
56,65,0.857143,0.800000,0.279036,,0
56,66,0.814371,0.755556,0.967154,,0
56,67,0.810496,0.735450,0.824012,,0
56,68,0.783862,0.704663,0.451529,,0
56,69,0.804598,0.716495,0.477032,,0
56,70,0.826347,0.761111,0.386377,,0
56,71,0.858896,0.808140,0.922781,,0
56,72,0.897436,0.848101,0.603065,,0
56,73,0.817568,0.766234,0.514814,,0
56,74,0.765840,0.665072,0.449458,,0
56,75,0.803468,0.718750,0.873481,,0
56,76,0.914676,0.850649,0.471437,,0
56,77,0.912752,0.857143,0.861635,,0
56,78,0.780899,0.688119,0.349075,,0
56,79,0.826590,0.744792,0.530541,,0
56,80,0.847059,0.774194,0.338987,,0
57,1,0.874126,0.794872,0.753274,,0
57,2,0.937984,0.930769,0.655078,,0
57,3,0.778878,0.664740,0.823221,,0
57,4,0.851351,0.759036,0.919455,,0
57,5,0.892989,0.815603,0.911192,,0
57,6,0.825083,0.722543,0.742911,,0
57,7,0.856031,0.807692,0.498381,,0
57,8,0.735632,0.587156,0.758846,,0
57,9,0.777108,0.638614,0.849846,,0
57,10,0.743202,0.611940,0.608259,,0
57,11,0.793651,0.675676,0.865176,,0
57,12,0.872000,0.815385,0.425694,,0
57,13,0.837662,0.724719,0.742414,,0
57,14,0.868327,0.807947,0.670664,,0
57,15,0.915129,0.879433,0.491127,,0
57,16,0.833333,0.735294,0.588221,,0
57,17,0.767857,0.626214,0.765077,,0
57,18,0.813880,0.689840,0.369465,,0
57,19,0.664894,0.508130,0.572323,,0
57,20,0.811321,0.686170,0.534718,,0
57,21,0.814332,0.706215,0.861195,,0
57,22,0.740964,0.608911,0.722878,,0
57,23,0.864111,0.783439,0.303157,,0
57,24,0.866197,0.798701,0.745920,,0
57,25,0.831615,0.751553,0.696361,,0
57,26,0.731429,0.581818,0.643096,,0
57,27,0.767372,0.631841,0.851196,,0
57,28,0.797386,0.693182,0.819728,,0
57,29,0.682415,0.517928,0.824965,,0
57,30,0.691218,0.547085,0.664220,,0
57,31,0.788462,0.675824,0.449050,,0
57,32,0.874074,0.821429,0.917004,,0
57,33,0.819672,0.714286,0.521901,,0
57,34,0.746356,0.600939,0.323406,,0
57,35,0.790997,0.679558,0.345243,,0
57,36,0.702550,0.556054,0.860184,,0
57,37,0.827362,0.717514,0.433087,,0
57,38,0.859107,0.770186,0.901726,,0
57,39,0.800000,0.666667,0.732449,,0
57,40,0.910448,0.884058,0.801694,,0
57,41,0.828479,0.715084,0.781578,,0
57,42,0.717087,0.563877,0.777864,,0
57,43,0.850498,0.748538,0.696896,,0
57,44,0.709859,0.560000,0.592658,,0
57,45,0.739394,0.610000,0.850816,,0
57,46,0.858108,0.765060,0.682972,,0
57,47,0.783699,0.661376,0.665140,,0
57,48,0.772586,0.649215,0.855593,,0
57,49,0.862069,0.781250,0.626155,,0
57,50,0.732955,0.581081,0.511354,,0
57,51,0.734328,0.600000,0.885625,,0
57,52,0.915751,0.860140,0.376917,,0
57,53,0.807818,0.694915,0.718749,,0
57,54,0.824281,0.699454,0.698348,,0
57,55,0.892857,0.833333,0.856734,,0
57,56,0.809061,0.698324,0.744059,,0
57,57,0.756757,0.620690,0.553039,52.73212751273458,1
57,58,0.870175,0.800000,0.241586,,0
57,59,0.885714,0.826667,0.773056,,0
57,60,0.849315,0.765432,0.874980,,0
57,61,0.817276,0.707602,0.794879,,0
57,62,0.755287,0.621891,0.317454,,0
57,63,0.750751,0.615764,0.268416,,0
57,64,0.788991,0.654822,0.816750,,0
57,65,0.826230,0.720000,0.717916,,0
57,66,0.800000,0.688889,0.376033,,0
57,67,0.789969,0.666667,0.301425,,0
57,68,0.761610,0.637306,0.847985,,0
57,69,0.777778,0.649485,0.948151,,0
57,70,0.812903,0.700000,0.933740,,0
57,71,0.827815,0.726744,0.385056,,0
57,72,0.881944,0.803797,0.913060,,0
57,73,0.830882,0.760563,0.853175,,0
57,74,0.737463,0.598086,0.922852,,0
57,75,0.776398,0.651042,0.271981,,0
57,76,0.914498,0.870504,0.834220,,0
57,77,0.927007,0.875000,0.333282,,0
57,78,0.759036,0.623762,0.857552,,0
57,79,0.795031,0.666667,0.870331,,0
57,80,0.810127,0.688172,0.554364,,0
58,1,0.851485,0.794872,0.683966,,0
58,2,0.865455,0.809524,0.802970,,0
58,3,0.806250,0.705202,0.608463,,0
58,4,0.798722,0.746988,0.602896,,0
58,5,0.868056,0.809524,0.728648,,0
58,6,0.800000,0.739884,0.782265,,0
58,7,0.832117,0.761905,0.628155,,0
58,8,0.695890,0.577982,0.497160,,0
58,9,0.767908,0.658416,0.524137,,0
58,10,0.712644,0.616915,0.720693,,0
58,11,0.777108,0.691892,0.414486,,0
58,12,0.846442,0.768707,0.545709,,0
58,13,0.836923,0.735955,0.766719,,0
58,14,0.825503,0.801325,0.370101,,0
58,15,0.868056,0.823129,0.396792,,0
58,16,0.801262,0.747059,0.929958,,0
58,17,0.730878,0.621359,0.536550,,0
58,18,0.814371,0.721925,0.490408,,0
58,19,0.636132,0.504065,0.662418,,0
58,20,0.782090,0.696809,0.389595,,0
58,21,0.759259,0.694915,0.619142,,0
58,22,0.722063,0.618812,0.588193,,0
58,23,0.848684,0.764331,0.455310,,0
58,24,0.830565,0.785714,0.351532,,0
58,25,0.779221,0.745342,0.809116,,0
58,26,0.692098,0.577273,0.389054,,0
58,27,0.741379,0.636816,0.601300,,0
58,28,0.773994,0.710227,0.764844,,0
58,29,0.703518,0.557769,0.699182,,0
58,30,0.664865,0.551570,0.764863,,0
58,31,0.765957,0.692308,0.509568,,0
58,32,0.871080,0.782313,0.844925,,0
58,33,0.788820,0.725714,0.687574,,0
58,34,0.716667,0.605634,0.380581,,0
58,35,0.743902,0.668508,0.422607,,0
58,36,0.659459,0.547085,0.671493,,0
58,37,0.796296,0.723164,0.422758,,0
58,38,0.837662,0.776398,0.481761,,0
58,39,0.812865,0.707692,0.787016,,0
58,40,0.856140,0.823129,0.731452,,0
58,41,0.809816,0.737430,0.775506,,0
58,42,0.716578,0.585903,0.902565,,0
58,43,0.805031,0.742690,0.872166,,0
58,44,0.698925,0.577778,0.591317,,0
58,45,0.685879,0.595000,0.804095,,0
58,46,0.798722,0.753012,0.911439,,0
58,47,0.767857,0.682540,0.770500,,0
58,48,0.769231,0.675393,0.600993,,0
58,49,0.846906,0.775000,0.835232,,0
58,50,0.704607,0.585586,0.402629,,0
58,51,0.698864,0.600000,0.682856,,0
58,52,0.875862,0.829932,0.378389,,0
58,53,0.777778,0.711864,0.615013,,0
58,54,0.824242,0.732240,0.782506,,0
58,55,0.848485,0.806667,0.657186,,0
58,56,0.785276,0.715084,0.909406,,0
58,57,0.731429,0.630542,0.425653,,0
58,58,0.827815,0.800000,0.424062,43.939131024531584,1
58,59,0.855219,0.806667,0.330582,,0
58,60,0.802589,0.753086,0.345270,,0
58,61,0.836478,0.748538,0.756333,,0
58,62,0.712644,0.616915,0.421262,,0
58,63,0.731429,0.630542,0.314185,,0
58,64,0.755814,0.654822,0.562571,,0
58,65,0.826087,0.742857,0.609715,,0
58,66,0.758410,0.683333,0.418779,,0
58,67,0.755952,0.666667,0.466367,,0
58,68,0.729412,0.642487,0.666111,,0
58,69,0.744868,0.654639,0.502782,,0
58,70,0.770642,0.700000,0.492171,,0
58,71,0.821317,0.750000,0.373680,,0
58,72,0.839344,0.784810,0.719027,,0
58,73,0.830450,0.755102,0.557432,,0
58,74,0.719101,0.612440,0.498246,,0
58,75,0.766962,0.677083,0.437286,,0
58,76,0.853147,0.795918,0.636467,,0
58,77,0.865979,0.816327,0.390963,,0
58,78,0.733524,0.628713,0.695654,,0
58,79,0.778761,0.687500,0.458237,,0
58,80,0.798799,0.715054,0.367372,,0
59,1,0.785100,0.709845,0.690408,,0
59,2,0.797508,0.663212,0.753968,,0
59,3,0.661202,0.611399,0.880657,,0
59,4,0.896936,0.829016,0.894823,,0
59,5,0.742515,0.642487,0.929580,,0
59,6,0.901639,0.849741,0.779872,,0
59,7,0.675000,0.554404,0.527788,,0
59,8,0.900243,0.848624,0.671258,,0
59,9,0.891139,0.836634,0.603337,,0
59,10,0.923858,0.905473,0.453308,,0
59,11,0.925926,0.880829,0.836894,,0
59,12,0.683706,0.554404,0.460734,,0
59,13,0.716981,0.678756,0.844677,,0
59,14,0.860465,0.766839,0.541387,,0
59,15,0.826347,0.715026,0.355237,,0
59,16,0.876033,0.813472,0.496845,,0
59,17,0.917293,0.873786,0.594670,,0
59,18,0.863158,0.823834,0.366491,,0
59,19,0.838269,0.747967,0.531552,,0
59,20,0.913386,0.880829,0.598452,,0
59,21,0.940541,0.901554,0.943682,,0
59,22,0.921519,0.881188,0.674233,,0
59,23,0.760000,0.689119,0.311033,,0
59,24,0.847262,0.761658,0.556379,,0
59,25,0.909605,0.834197,0.609280,,0
59,26,0.891041,0.831818,0.503300,,0
59,27,0.939086,0.910448,0.893040,,0
59,28,0.899729,0.854922,0.896792,,0
59,29,0.864865,0.764940,0.832651,,0
59,30,0.879808,0.820628,0.514374,,0
59,31,0.944000,0.911917,0.476784,,0
59,32,0.738739,0.637306,0.673070,,0
59,33,0.913043,0.870466,0.607894,,0
59,34,0.901478,0.859155,0.222015,,0
59,35,0.941176,0.911917,0.366798,,0
59,36,0.884615,0.825112,0.927063,,0
59,37,0.908108,0.860104,0.381914,,0
59,38,0.836158,0.751295,0.766728,,0
59,39,0.860825,0.820513,0.587368,,0
59,40,0.827795,0.709845,0.842982,,0
59,41,0.897849,0.849741,0.820290,,0
59,42,0.900000,0.832599,0.619177,,0
59,43,0.890110,0.839378,0.612607,,0
59,44,0.894737,0.831111,0.566830,,0
59,45,0.926209,0.910000,0.802105,,0
59,46,0.902507,0.834197,0.617723,,0
59,47,0.937173,0.901554,0.582262,,0
59,48,0.916667,0.875648,0.761318,,0
59,49,0.770538,0.699482,0.490108,,0
59,50,0.891566,0.833333,0.390302,,0
59,51,0.914573,0.887805,0.790860,,0
59,52,0.821429,0.715026,0.270568,,0
59,53,0.924324,0.886010,0.798032,,0
59,54,0.819149,0.772021,0.597828,,0
59,55,0.833819,0.735751,0.907395,,0
59,56,0.919355,0.880829,0.602054,,0
59,57,0.924242,0.891626,0.436693,,0
59,58,0.873563,0.787565,0.306467,,0
59,59,0.810496,0.715026,0.554498,40.862702556421056,1
59,60,0.878873,0.808290,0.673566,,0
59,61,0.708791,0.668394,0.772868,,0
59,62,0.923858,0.905473,0.342546,,0
59,63,0.919192,0.886700,0.182937,,0
59,64,0.933333,0.878173,0.867921,,0
59,65,0.836957,0.792746,0.736947,,0
59,66,0.932976,0.896373,0.360083,,0
59,67,0.921466,0.880829,0.324015,,0
59,68,0.948187,0.922280,0.891018,,0
59,69,0.950904,0.912371,0.831484,,0
59,70,0.927614,0.891192,0.875191,,0
59,71,0.887671,0.834197,0.302381,,0
59,72,0.854701,0.772021,0.758700,,0
59,73,0.680597,0.590674,0.701516,,0
59,74,0.915423,0.880383,0.845146,,0
59,75,0.940260,0.906736,0.303592,,0
59,76,0.807229,0.694301,0.725643,,0
59,77,0.824926,0.720207,0.223963,,0
59,78,0.926582,0.896040,0.887211,,0
59,79,0.914286,0.875648,0.837049,,0
59,80,0.907652,0.880829,0.816746,,0
60,1,0.877743,0.803681,0.693022,,0
60,2,0.879725,0.785276,0.892733,,0
60,3,0.791667,0.716763,0.904489,,0
60,4,0.844985,0.819277,0.910141,,0
60,5,0.861842,0.773006,0.943756,,0
60,6,0.857143,0.809249,0.830810,,0
60,7,0.813793,0.705521,0.721085,,0
60,8,0.745407,0.651376,0.674723,,0
60,9,0.816438,0.722772,0.688930,,0
60,10,0.763736,0.691542,0.633596,,0
60,11,0.816092,0.762162,0.822768,,0
60,12,0.819788,0.705521,0.572444,,0
60,13,0.838710,0.769663,0.893109,,0
60,14,0.878981,0.815951,0.586061,,0
60,15,0.907895,0.834356,0.408594,,0
60,16,0.846847,0.800000,0.755885,,0
60,17,0.791328,0.699029,0.704251,,0
60,18,0.851429,0.786096,0.507280,,0
60,19,0.674817,0.560976,0.594709,,0
60,20,0.831909,0.765957,0.569809,,0
60,21,0.811765,0.779661,0.905949,,0
60,22,0.767123,0.693069,0.787275,,0
60,23,0.837500,0.766871,0.384562,,0
60,24,0.895899,0.834356,0.546982,,0
60,25,0.827160,0.822086,0.728371,,0
60,26,0.736292,0.640909,0.555737,,0
60,27,0.791209,0.716418,0.884245,,0
60,28,0.825959,0.795455,0.904491,,0
60,29,0.739130,0.609562,0.888545,,0
60,30,0.709845,0.614350,0.631979,,0
60,31,0.811594,0.769231,0.466926,,0
60,32,0.838284,0.760736,0.850259,,0
60,33,0.828402,0.794286,0.754366,,0
60,34,0.765957,0.676056,0.247311,,0
60,35,0.796512,0.751381,0.488478,,0
60,36,0.709845,0.614350,0.912388,,0
60,37,0.835294,0.779661,0.511855,,0
60,38,0.870370,0.791411,0.743046,,0
60,39,0.837989,0.758974,0.665548,,0
60,40,0.903654,0.828221,0.847268,,0
60,41,0.847953,0.810056,0.836046,,0
60,42,0.748718,0.643172,0.803146,,0
60,43,0.838323,0.789474,0.735348,,0
60,44,0.737113,0.635556,0.634699,,0
60,45,0.738292,0.670000,0.859109,,0
60,46,0.857143,0.825301,0.750415,,0
60,47,0.801136,0.746032,0.653373,,0
60,48,0.802260,0.738220,0.734399,,0
60,49,0.854489,0.773006,0.690575,,0
60,50,0.763636,0.657658,0.435145,,0
60,51,0.750000,0.673171,0.892304,,0
60,52,0.888889,0.822086,0.285803,,0
60,53,0.829412,0.790960,0.800655,,0
60,54,0.843931,0.775956,0.674217,,0
60,55,0.888179,0.828221,0.959252,,0
60,56,0.836257,0.787709,0.741653,,0
60,57,0.770492,0.689655,0.473158,,0
60,58,0.861635,0.822086,0.362557,,0
60,59,0.881789,0.797546,0.525195,,0
60,60,0.861538,0.828221,0.680354,34.72528616577792,1
60,61,0.826347,0.725146,0.782896,,0
60,62,0.763736,0.691542,0.431593,,0
60,63,0.775956,0.699507,0.208205,,0
60,64,0.800000,0.725888,0.878795,,0
60,65,0.857988,0.782857,0.726190,,0
60,66,0.810496,0.772222,0.400486,,0
60,67,0.801136,0.746032,0.375002,,0
60,68,0.775281,0.715026,0.966903,,0
60,69,0.789916,0.726804,0.831214,,0
60,70,0.816327,0.772222,0.818969,,0
60,71,0.865672,0.819767,0.325295,,0
60,72,0.890966,0.828221,0.819604,,0
60,73,0.819672,0.736196,0.745938,,0
60,74,0.768817,0.684211,0.760306,,0
60,75,0.800000,0.739583,0.356941,,0
60,76,0.887417,0.809816,0.846373,,0
60,77,0.899023,0.834356,0.243579,,0
60,78,0.789041,0.707921,0.950946,,0
60,79,0.816901,0.750000,0.779159,,0
60,80,0.853868,0.784946,0.666478,,0
61,1,0.834835,0.768362,0.742972,,0
61,2,0.839344,0.723164,0.696141,,0
61,3,0.691429,0.661017,0.833553,,0
61,4,0.932945,0.898305,0.725733,,0
61,5,0.792453,0.706215,0.767164,,0
61,6,0.931429,0.903955,0.738336,,0
61,7,0.736842,0.632768,0.778207,,0
61,8,0.870886,0.788991,0.636110,,0
61,9,0.918206,0.846535,0.641386,,0
61,10,0.888889,0.835821,0.810811,,0
61,11,0.928177,0.886486,0.631133,,0
61,12,0.747475,0.627119,0.761417,,0
61,13,0.754930,0.713483,0.656862,,0
61,14,0.902439,0.830508,0.545263,,0
61,15,0.861635,0.774011,0.471158,,0
61,16,0.899135,0.858757,0.711301,,0
61,17,0.887728,0.825243,0.937395,,0
61,18,0.895604,0.839572,0.752671,,0
61,19,0.799054,0.686992,0.614670,,0
61,20,0.926027,0.877660,0.482837,,0
61,21,0.943503,0.926554,0.753191,,0
61,22,0.886544,0.826733,0.916511,,0
61,23,0.802395,0.728814,0.539846,,0
61,24,0.882175,0.819209,0.585374,,0
61,25,0.946746,0.903955,0.669697,,0
61,26,0.856423,0.772727,0.651712,,0
61,27,0.904762,0.845771,0.799559,,0
61,28,0.912181,0.853107,0.697377,,0
61,29,0.813084,0.693227,0.844095,,0
61,30,0.835000,0.748879,0.721828,,0
61,31,0.930362,0.895604,0.610547,,0
61,32,0.769716,0.689266,0.750630,,0
61,33,0.943182,0.909605,0.711978,,0
61,34,0.871795,0.793427,0.449315,,0
61,35,0.932961,0.922652,0.723219,,0
61,36,0.840000,0.753363,0.630228,,0
61,37,0.949153,0.909605,0.534735,,0
61,38,0.863905,0.819209,0.679367,,0
61,39,0.887097,0.825641,0.695600,,0
61,40,0.863492,0.762712,0.732919,,0
61,41,0.932584,0.893855,0.682001,,0
61,42,0.841584,0.748899,0.786785,,0
61,43,0.931034,0.881356,0.664380,,0
61,44,0.845771,0.755556,0.785837,,0
61,45,0.880637,0.830000,0.654490,,0
61,46,0.944606,0.909605,0.649321,,0
61,47,0.918033,0.888889,0.648493,,0
61,48,0.913043,0.863874,0.710680,,0
61,49,0.824926,0.785311,0.806410,,0
61,50,0.862155,0.770270,0.463921,,0
61,51,0.884817,0.824390,0.864669,,0
61,52,0.862500,0.774011,0.533454,,0
61,53,0.943503,0.915254,0.777820,,0
61,54,0.866667,0.825137,0.701787,,0
61,55,0.880734,0.813559,0.645364,,0
61,56,0.938202,0.893855,0.670745,,0
61,57,0.889474,0.832512,0.552761,,0
61,58,0.915663,0.858757,0.421589,,0
61,59,0.868502,0.802260,0.710861,,0
61,60,0.926254,0.881356,0.706670,,0
61,61,0.735632,0.700565,0.579404,33.800679422019336,1
61,62,0.888889,0.835821,0.608651,,0
61,63,0.889474,0.832512,0.441840,,0
61,64,0.914439,0.868020,0.782932,,0
61,65,0.857955,0.824859,0.738579,,0
61,66,0.941176,0.922222,0.372247,,0
61,67,0.918033,0.883598,0.506741,,0
61,68,0.908108,0.870466,0.739902,,0
61,69,0.916442,0.876289,0.774599,,0
61,70,0.929972,0.894444,0.770434,,0
61,71,0.922636,0.892655,0.506932,,0
61,72,0.907463,0.853107,0.850476,,0
61,73,0.733542,0.655367,0.538882,,0
61,74,0.880829,0.813397,0.736453,,0
61,75,0.910569,0.864583,0.431302,,0
61,76,0.867089,0.774011,0.915777,,0
61,77,0.872274,0.790960,0.475440,,0
61,78,0.907652,0.846535,0.711150,,0
61,79,0.915989,0.875000,0.673931,,0
61,80,0.920110,0.876344,0.490258,,0
62,1,0.859206,0.756410,0.656653,,0
62,2,0.915663,0.890625,0.541247,,0
62,3,0.782313,0.658960,0.665896,,0
62,4,0.815331,0.704819,0.831999,,0
62,5,0.893130,0.822695,0.729513,,0
62,6,0.816327,0.693642,0.601988,,0
62,7,0.854839,0.795276,0.391115,,0
62,8,0.707965,0.545872,0.896476,,0
62,9,0.749226,0.599010,0.850457,,0
62,10,0.726708,0.582090,0.389535,,0
62,11,0.771242,0.637838,0.795915,,0
62,12,0.871369,0.826446,0.349250,,0
62,13,0.809365,0.679775,0.590806,,0
62,14,0.852941,0.768212,0.794886,,0
62,15,0.900763,0.836879,0.647808,,0
62,16,0.804124,0.688235,0.377571,,0
62,17,0.727829,0.577670,0.485030,,0
62,18,0.785714,0.647059,0.314488,,0
62,19,0.637602,0.475610,0.427045,,0
62,20,0.776699,0.638298,0.694616,,0
62,21,0.785235,0.661017,0.689712,,0
62,22,0.730650,0.584158,0.469528,,0
62,23,0.870504,0.770701,0.437423,,0
62,24,0.865455,0.772727,0.964514,,0
62,25,0.815603,0.714286,0.497862,,0
62,26,0.692082,0.536364,0.824143,,0
62,27,0.739130,0.592040,0.695415,,0
62,28,0.794613,0.670455,0.626673,,0
62,29,0.650538,0.482072,0.699978,,0
62,30,0.686047,0.529148,0.432780,,0
62,31,0.785479,0.653846,0.372406,,0
62,32,0.888889,0.814286,0.677929,,0
62,33,0.804054,0.680000,0.426980,,0
62,34,0.712575,0.558685,0.489289,,0
62,35,0.761589,0.635359,0.292761,,0
62,36,0.674419,0.520179,0.763393,,0
62,37,0.791946,0.666667,0.601939,,0
62,38,0.851064,0.745342,0.953271,,0
62,39,0.765823,0.620513,0.454035,,0
62,40,0.888031,0.833333,0.645525,,0
62,41,0.800000,0.670391,0.626453,,0
62,42,0.695402,0.533040,0.514118,,0
62,43,0.808219,0.690058,0.495192,,0
62,44,0.687861,0.528889,0.427376,,0
62,45,0.710280,0.570000,0.672837,,0
62,46,0.815331,0.704819,0.492605,,0
62,47,0.774194,0.634921,0.470321,,0
62,48,0.769231,0.628272,0.805918,,0
62,49,0.832740,0.725000,0.426422,,0
62,50,0.705539,0.545045,0.667183,,0
62,51,0.723926,0.575610,0.596990,,0
62,52,0.878788,0.811189,0.545229,,0
62,53,0.785235,0.661017,0.564422,,0
62,54,0.789474,0.655738,0.492869,,0
62,55,0.870849,0.786667,0.670933,,0
62,56,0.800000,0.670391,0.481156,,0
62,57,0.734568,0.586207,0.731906,,0
62,58,0.847826,0.754839,0.373756,,0
62,59,0.870849,0.786667,0.914629,,0
62,60,0.826855,0.722222,0.766224,,0
62,61,0.815068,0.690058,0.638413,,0
62,62,0.720497,0.577114,0.376153,41.94068490694624,1
62,63,0.740741,0.591133,0.402187,,0
62,64,0.754717,0.609137,0.649982,,0
62,65,0.804054,0.680000,0.572580,,0
62,66,0.770764,0.644444,0.448801,,0
62,67,0.761290,0.624339,0.422668,,0
62,68,0.745223,0.606218,0.681588,,0
62,69,0.755556,0.613402,0.825187,,0
62,70,0.790698,0.661111,0.849930,,0
62,71,0.825939,0.703488,0.570921,,0
62,72,0.845878,0.746835,0.822298,,0
62,73,0.851711,0.774648,0.861602,,0
62,74,0.715152,0.564593,0.893247,,0
62,75,0.766773,0.625000,0.398845,,0
62,76,0.892308,0.834532,0.600520,,0
62,77,0.890566,0.819444,0.512740,,0
62,78,0.736842,0.589109,0.693715,,0
62,79,0.773163,0.630208,0.920576,,0
62,80,0.788274,0.650538,0.627480,,0
63,1,0.767956,0.674757,0.732113,,0
63,2,0.766467,0.621359,0.534687,,0
63,3,0.633245,0.577670,0.611787,,0
63,4,0.870968,0.786408,0.661578,,0
63,5,0.726225,0.611650,0.733078,,0
63,6,0.875989,0.805825,0.704081,,0
63,7,0.660661,0.533981,0.348237,,0
63,8,0.924528,0.894495,0.775237,,0
63,9,0.877451,0.839806,0.653919,,0
63,10,0.958231,0.932039,0.419446,,0
63,11,0.905371,0.859223,0.755468,,0
63,12,0.687117,0.543689,0.329703,,0
63,13,0.687500,0.640777,0.601489,,0
63,14,0.840336,0.728155,0.743410,,0
63,15,0.801153,0.674757,0.427691,,0
63,16,0.835106,0.762136,0.407296,,0
63,17,0.941748,0.907767,0.565232,,0
63,18,0.844784,0.796117,0.265223,,0
63,19,0.880531,0.808943,0.436853,,0
63,20,0.888325,0.844660,0.429181,,0
63,21,0.908616,0.844660,0.760671,,0
63,22,0.936275,0.893204,0.441499,,0
63,23,0.732782,0.640777,0.283014,,0
63,24,0.811111,0.708738,0.558297,,0
63,25,0.877384,0.781553,0.571201,,0
63,26,0.920188,0.886364,0.537954,,0
63,27,0.933661,0.893204,0.723919,,0
63,28,0.858639,0.791262,0.651776,,0
63,29,0.870897,0.792829,0.580738,,0
63,30,0.904429,0.869955,0.475140,,0
63,31,0.907216,0.854369,0.348498,,0
63,32,0.716763,0.592233,0.723640,,0
63,33,0.876640,0.810680,0.546012,,0
63,34,0.930788,0.906103,0.314414,,0
63,35,0.930233,0.873786,0.266001,,0
63,36,0.909091,0.869955,0.848401,,0
63,37,0.882507,0.820388,0.436840,,0
63,38,0.811989,0.723301,0.735621,,0
63,39,0.832918,0.800971,0.487524,,0
63,40,0.796512,0.665049,0.734948,,0
63,41,0.872727,0.810680,0.694677,,0
63,42,0.909931,0.863436,0.559515,,0
63,43,0.864721,0.786408,0.488768,,0
63,44,0.923434,0.880000,0.362534,,0
63,45,0.950739,0.932039,0.848707,,0
63,46,0.876344,0.791262,0.499618,,0
63,47,0.936709,0.898058,0.440306,,0
63,48,0.906801,0.868932,0.789624,,0
63,49,0.748634,0.660194,0.469992,,0
63,50,0.915888,0.882883,0.444436,,0
63,51,0.948905,0.927184,0.662266,,0
63,52,0.808023,0.679612,0.344013,,0
63,53,0.903394,0.839806,0.588632,,0
63,54,0.812339,0.752427,0.475258,,0
63,55,0.808989,0.699029,0.791782,,0
63,56,0.888312,0.830097,0.550242,,0
63,57,0.958435,0.922330,0.443949,,0
63,58,0.847645,0.742718,0.153557,,0
63,59,0.797753,0.689320,0.531139,,0
63,60,0.858696,0.766990,0.847929,,0
63,61,0.679045,0.621359,0.723135,,0
63,62,0.958231,0.936893,0.273256,,0
63,63,0.943765,0.907767,0.276317,29.881090638914355,1
63,64,0.923077,0.888350,0.649573,,0
63,65,0.792651,0.728155,0.702146,,0
63,66,0.922280,0.864078,0.336418,,0
63,67,0.921519,0.883495,0.212512,,0
63,68,0.957393,0.927184,0.735738,,0
63,69,0.930000,0.898058,0.774310,,0
63,70,0.906736,0.849515,0.855020,,0
63,71,0.862434,0.791262,0.381083,,0
63,72,0.829670,0.733010,0.689064,,0
63,73,0.666667,0.563107,0.679615,,0
63,74,0.959036,0.933014,0.851140,,0
63,75,0.909548,0.873786,0.188892,,0
63,76,0.782609,0.655340,0.661271,,0
63,77,0.800000,0.679612,0.289809,,0
63,78,0.941176,0.907767,0.849786,,0
63,79,0.899497,0.868932,0.650565,,0
63,80,0.882653,0.830097,0.694318,,0
64,1,0.855346,0.814815,0.645106,,0
64,2,0.882759,0.790123,0.833102,,0
64,3,0.710448,0.670520,0.936585,,0
64,4,0.920732,0.897590,0.932594,,0
64,5,0.811881,0.753086,0.937087,,0
64,6,0.913433,0.872832,0.764785,,0
64,7,0.761246,0.679012,0.699577,,0
64,8,0.810526,0.706422,0.609228,,0
64,9,0.868132,0.782178,0.671950,,0
64,10,0.837466,0.756219,0.581193,,0
64,11,0.893372,0.832432,0.832466,,0
64,12,0.780142,0.679012,0.576157,,0
64,13,0.776471,0.719101,0.867539,,0
64,14,0.932907,0.895062,0.511705,,0
64,15,0.897690,0.839506,0.391719,,0
64,16,0.915663,0.847059,0.656400,,0
64,17,0.853261,0.762136,0.691402,,0
64,18,0.888252,0.818182,0.504242,,0
64,19,0.754902,0.626016,0.596807,,0
64,20,0.891429,0.829787,0.599523,,0
64,21,0.902655,0.864407,0.895767,,0
64,22,0.835165,0.747525,0.806254,,0
64,23,0.815047,0.765432,0.379414,,0
64,24,0.898734,0.864198,0.550345,,0
64,25,0.928793,0.919753,0.670738,,0
64,26,0.816754,0.704545,0.539170,,0
64,27,0.853994,0.771144,0.897882,,0
64,28,0.899408,0.863636,0.893833,,0
64,29,0.774818,0.637450,0.903584,,0
64,30,0.789610,0.681614,0.613429,,0
64,31,0.883721,0.829670,0.512090,,0
64,32,0.801325,0.746914,0.755226,,0
64,33,0.919881,0.880000,0.673750,,0
64,34,0.837333,0.737089,0.239923,,0
64,35,0.892128,0.845304,0.498284,,0
64,36,0.794805,0.686099,0.851684,,0
64,37,0.908555,0.858757,0.427098,,0
64,38,0.904025,0.864198,0.747938,,0
64,39,0.873950,0.800000,0.655733,,0
64,40,0.906667,0.839506,0.800355,,0
64,41,0.909091,0.860335,0.791990,,0
64,42,0.807198,0.691630,0.719433,,0
64,43,0.924925,0.877193,0.699521,,0
64,44,0.795866,0.684444,0.686451,,0
64,45,0.834254,0.755000,0.746787,,0
64,46,0.926829,0.903614,0.698582,,0
64,47,0.877493,0.814815,0.659064,,0
64,48,0.872521,0.806283,0.689802,,0
64,49,0.838509,0.790123,0.615298,,0
64,50,0.822917,0.711712,0.424460,,0
64,51,0.833787,0.746341,0.872163,,0
64,52,0.891803,0.827160,0.286907,,0
64,53,0.914454,0.870056,0.817827,,0
64,54,0.881159,0.819672,0.675241,,0
64,55,0.897436,0.858025,0.908705,,0
64,56,0.897361,0.854749,0.666168,,0
64,57,0.843836,0.758621,0.482062,,0
64,58,0.946372,0.913580,0.388337,,0
64,59,0.884615,0.845679,0.569350,,0
64,60,0.925926,0.876543,0.653475,,0
64,61,0.762763,0.707602,0.719870,,0
64,62,0.859504,0.776119,0.432413,,0
64,63,0.843836,0.758621,0.190225,,0
64,64,0.874652,0.796954,0.916584,42.792404778276634,1
64,65,0.878338,0.822857,0.699628,,0
64,66,0.912281,0.866667,0.392727,,0
64,67,0.883191,0.820106,0.396505,,0
64,68,0.861972,0.792746,0.928920,,0
64,69,0.865169,0.793814,0.843549,,0
64,70,0.906433,0.861111,0.809662,,0
64,71,0.922156,0.883721,0.313976,,0
64,72,0.931250,0.895062,0.811557,,0
64,73,0.750000,0.697531,0.719995,,0
64,74,0.840970,0.746411,0.746941,,0
64,75,0.864407,0.796875,0.370526,,0
64,76,0.870432,0.808642,0.829635,,0
64,77,0.901961,0.851852,0.249111,,0
64,78,0.857143,0.767327,0.871758,,0
64,79,0.881356,0.812500,0.830107,,0
64,80,0.902299,0.838710,0.664102,,0
65,1,0.821918,0.750000,0.531902,,0
65,2,0.810606,0.786765,0.786555,,0
65,3,0.789644,0.687861,0.869742,,0
65,4,0.761589,0.686747,0.899505,,0
65,5,0.851986,0.801418,0.879595,,0
65,6,0.763754,0.682081,0.701721,,0
65,7,0.859316,0.764706,0.619657,,0
65,8,0.661017,0.536697,0.527220,,0
65,9,0.733728,0.613861,0.598370,,0
65,10,0.658754,0.552239,0.484432,,0
65,11,0.728972,0.632432,0.799430,,0
65,12,0.843750,0.764706,0.462479,,0
65,13,0.808917,0.702247,0.820574,,0
65,14,0.780488,0.728477,0.435708,,0
65,15,0.830325,0.808511,0.302434,,0
65,16,0.758170,0.682353,0.612193,,0
65,17,0.707602,0.582524,0.599225,,0
65,18,0.780186,0.673797,0.389943,,0
65,19,0.591623,0.459350,0.494272,,0
65,20,0.753086,0.643617,0.522418,,0
65,21,0.722045,0.638418,0.838411,,0
65,22,0.680473,0.554455,0.737680,,0
65,23,0.825939,0.751592,0.276635,,0
65,24,0.800000,0.753247,0.491255,,0
65,25,0.727273,0.670807,0.584530,,0
65,26,0.651685,0.527273,0.448334,,0
65,27,0.706231,0.592040,0.812236,,0
65,28,0.750000,0.664773,0.849343,,0
65,29,0.661499,0.509960,0.826238,,0
65,30,0.618384,0.497758,0.525839,,0
65,31,0.716981,0.626374,0.421667,,0
65,32,0.876812,0.792857,0.699824,,0
65,33,0.765273,0.680000,0.612525,,0
65,34,0.676218,0.544601,0.150772,,0
65,35,0.706625,0.618785,0.389978,,0
65,36,0.618384,0.497758,0.804339,,0
65,37,0.760383,0.672316,0.370082,,0
65,38,0.821549,0.757764,0.681725,,0
65,39,0.779456,0.661538,0.578639,,0
65,40,0.810219,0.797101,0.728300,,0
65,41,0.774603,0.675978,0.726647,,0
65,42,0.666667,0.533040,0.668858,,0
65,43,0.768730,0.690058,0.618448,,0
65,44,0.670360,0.537778,0.569815,,0
65,45,0.648810,0.545000,0.696280,,0
65,46,0.761589,0.692771,0.632035,,0
65,47,0.726154,0.619048,0.550700,,0
65,48,0.727829,0.623037,0.614037,,0
65,49,0.831081,0.750000,0.528597,,0
65,50,0.670391,0.540541,0.331632,,0
65,51,0.656891,0.546341,0.810953,,0
65,52,0.831541,0.776224,0.185808,,0
65,53,0.734824,0.649718,0.728900,,0
65,54,0.796238,0.683060,0.565908,,0
65,55,0.825175,0.786667,0.890788,,0
65,56,0.742857,0.653631,0.591891,,0
65,57,0.690265,0.576355,0.382035,,0
65,58,0.776632,0.729032,0.274099,,0
65,59,0.818182,0.773333,0.496428,,0
65,60,0.771812,0.703704,0.576648,,0
65,61,0.827362,0.730994,0.655480,,0
65,62,0.670623,0.562189,0.331017,,0
65,63,0.702065,0.586207,0.118422,,0
65,64,0.726727,0.614213,0.839749,,0
65,65,0.810289,0.714286,0.587169,43.913432276151376,1
65,66,0.721519,0.633333,0.310891,,0
65,67,0.726154,0.624339,0.274266,,0
65,68,0.680851,0.580311,0.893060,,0
65,69,0.715152,0.608247,0.777711,,0
65,70,0.727848,0.638889,0.735194,,0
65,71,0.785714,0.703488,0.215987,,0
65,72,0.809524,0.753165,0.715331,,0
65,73,0.841727,0.746479,0.676020,,0
65,74,0.678261,0.559809,0.661134,,0
65,75,0.719512,0.614583,0.258584,,0
65,76,0.843636,0.791367,0.740240,,0
65,77,0.828571,0.784722,0.145066,,0
65,78,0.698225,0.584158,0.821865,,0
65,79,0.756098,0.640625,0.764486,,0
65,80,0.770186,0.666667,0.590331,,0
66,1,0.869841,0.830189,0.688160,,0
66,2,0.891986,0.805031,0.700637,,0
66,3,0.740964,0.699422,0.646164,,0
66,4,0.916923,0.879518,0.466482,,0
66,5,0.826667,0.767296,0.552745,,0
66,6,0.909639,0.861272,0.616176,,0
66,7,0.769231,0.685535,0.838651,,0
66,8,0.801061,0.692661,0.564684,,0
66,9,0.853186,0.757426,0.532764,,0
66,10,0.827778,0.741294,0.652684,,0
66,11,0.872093,0.810811,0.355293,,0
66,12,0.774194,0.679245,0.911382,,0
66,13,0.789318,0.730337,0.611304,,0
66,14,0.941935,0.911950,0.493751,,0
66,15,0.913333,0.861635,0.673840,,0
66,16,0.917933,0.876471,0.672733,,0
66,17,0.838356,0.737864,0.476984,,0
66,18,0.884393,0.818182,0.887003,,0
66,19,0.735802,0.605691,0.786333,,0
66,20,0.876081,0.797872,0.685633,,0
66,21,0.880952,0.836158,0.449368,,0
66,22,0.814404,0.727723,0.557282,,0
66,23,0.835443,0.817610,0.924395,,0
66,24,0.926518,0.893082,0.439777,,0
66,25,0.906250,0.900621,0.684544,,0
66,26,0.786280,0.677273,0.665404,,0
66,27,0.833333,0.746269,0.635330,,0
66,28,0.901493,0.857955,0.539938,,0
66,29,0.770732,0.629482,0.710980,,0
66,30,0.774869,0.663677,0.713059,,0
66,31,0.879765,0.813187,0.791325,,0
66,32,0.802676,0.742138,0.438246,,0
66,33,0.898204,0.851429,0.731464,,0
66,34,0.811828,0.704225,0.743174,,0
66,35,0.864706,0.801105,0.862157,,0
66,36,0.769634,0.659193,0.436319,,0
66,37,0.892857,0.841808,0.562736,,0
66,38,0.887500,0.838509,0.481839,,0
66,39,0.870056,0.784615,0.579749,,0
66,40,0.929293,0.867925,0.548615,,0
66,41,0.905325,0.849162,0.582481,,0
66,42,0.797927,0.678414,0.519214,,0
66,43,0.896970,0.853801,0.730033,,0
66,44,0.807292,0.688889,0.868152,,0
66,45,0.802228,0.720000,0.401274,,0
66,46,0.923077,0.891566,0.715417,,0
66,47,0.873563,0.804233,0.775447,,0
66,48,0.862857,0.790576,0.467457,,0
66,49,0.858934,0.781250,0.732754,,0
66,50,0.803150,0.689189,0.688656,,0
66,51,0.807692,0.717073,0.459083,,0
66,52,0.900662,0.855346,0.775088,,0
66,53,0.898810,0.853107,0.699602,,0
66,54,0.883041,0.786885,0.775551,,0
66,55,0.912621,0.867925,0.381159,,0
66,56,0.887574,0.826816,0.561133,,0
66,57,0.828729,0.738916,0.780949,,0
66,58,0.936306,0.905660,0.928114,,0
66,59,0.899676,0.861635,0.488579,,0
66,60,0.922118,0.901235,0.316144,,0
66,61,0.769697,0.713450,0.467523,,0
66,62,0.833333,0.746269,0.880208,,0
66,63,0.845304,0.748768,0.608970,,0
66,64,0.853933,0.761421,0.664715,,0
66,65,0.904192,0.822857,0.661717,,0
66,66,0.873156,0.816667,0.668513,51.46372698646526,1
66,67,0.862069,0.793651,0.955763,,0
66,68,0.840909,0.766839,0.487987,,0
66,69,0.849858,0.773196,0.439364,,0
66,70,0.873156,0.816667,0.410822,,0
66,71,0.918429,0.877907,0.770547,,0
66,72,0.933754,0.880503,0.705345,,0
66,73,0.777409,0.723270,0.422890,,0
66,74,0.820652,0.722488,0.423740,,0
66,75,0.871795,0.791667,0.877951,,0
66,76,0.906040,0.849057,0.643113,,0
66,77,0.904290,0.861635,0.800366,,0
66,78,0.831025,0.737624,0.469257,,0
66,79,0.854701,0.781250,0.556610,,0
66,80,0.892754,0.817204,0.570196,,0
67,1,0.839286,0.777778,0.798517,,0
67,2,0.831169,0.711111,0.734539,,0
67,3,0.691218,0.655556,0.750242,,0
67,4,0.942197,0.900000,0.711623,,0
67,5,0.803738,0.716667,0.824043,,0
67,6,0.929178,0.888889,0.850818,,0
67,7,0.742671,0.622222,0.598947,,0
67,8,0.864322,0.788991,0.732769,,0
67,9,0.890052,0.831683,0.581022,,0
67,10,0.881890,0.835821,0.665419,,0
67,11,0.926027,0.886486,0.703440,,0
67,12,0.746667,0.622222,0.555960,,0
67,13,0.759777,0.727778,0.731354,,0
67,14,0.906344,0.833333,0.652786,,0
67,15,0.853583,0.761111,0.401886,,0
67,16,0.902857,0.866667,0.654349,,0
67,17,0.880829,0.820388,0.765200,,0
67,18,0.899183,0.850267,0.494213,,0
67,19,0.798122,0.691057,0.520444,,0
67,20,0.913043,0.872340,0.458789,,0
67,21,0.941176,0.916667,0.873446,,0
67,22,0.879581,0.831683,0.701789,,0
67,23,0.795252,0.738889,0.387719,,0
67,24,0.880240,0.816667,0.513828,,0
67,25,0.944282,0.894444,0.672408,,0
67,26,0.860000,0.777273,0.541032,,0
67,27,0.897638,0.850746,0.812423,,0
67,28,0.921348,0.866667,0.772454,,0
67,29,0.821346,0.705179,0.746599,,0
67,30,0.833747,0.748879,0.598471,,0
67,31,0.922652,0.895604,0.448810,,0
67,32,0.781250,0.694444,0.789802,,0
67,33,0.946479,0.905556,0.744820,,0
67,34,0.875318,0.802817,0.325612,,0
67,35,0.919668,0.906077,0.473274,,0
67,36,0.833747,0.753363,0.876986,,0
67,37,0.946779,0.916667,0.536140,,0
67,38,0.850440,0.800000,0.685380,,0
67,39,0.896000,0.830769,0.605481,,0
67,40,0.861635,0.761111,0.860728,,0
67,41,0.930362,0.888889,0.799449,,0
67,42,0.850123,0.762115,0.757738,,0
67,43,0.923077,0.888889,0.621447,,0
67,44,0.854321,0.768889,0.536711,,0
67,45,0.873684,0.830000,0.907021,,0
67,46,0.942197,0.905556,0.646099,,0
67,47,0.937669,0.915344,0.555461,,0
67,48,0.921833,0.874346,0.786569,,0
67,49,0.811765,0.761111,0.699839,,0
67,50,0.855721,0.770270,0.419516,,0
67,51,0.877922,0.824390,0.821505,,0
67,52,0.866873,0.777778,0.367613,,0
67,53,0.935574,0.900000,0.738519,,0
67,54,0.870523,0.836066,0.600465,,0
67,55,0.878788,0.805556,0.821469,,0
67,56,0.930362,0.894444,0.697979,,0
67,57,0.887728,0.837438,0.440735,,0
67,58,0.913433,0.850000,0.276353,,0
67,59,0.866667,0.794444,0.522095,,0
67,60,0.912281,0.855556,0.763367,,0
67,61,0.735043,0.711111,0.755056,,0
67,62,0.881890,0.835821,0.395756,,0
67,63,0.887728,0.837438,0.297359,,0
67,64,0.901857,0.852792,0.729165,,0
67,65,0.845070,0.800000,0.799177,,0
67,66,0.927778,0.905556,0.351366,,0
67,67,0.932249,0.899471,0.342127,63.7251009481513,1
67,68,0.900804,0.870466,0.838770,,0
67,69,0.919786,0.876289,0.769666,,0
67,70,0.933333,0.905556,0.861931,,0
67,71,0.937500,0.894444,0.387352,,0
67,72,0.893491,0.838889,0.767412,,0
67,73,0.732919,0.655556,0.595983,,0
67,74,0.879177,0.818182,0.844849,,0
67,75,0.903226,0.869792,0.302625,,0
67,76,0.846395,0.750000,0.797155,,0
67,77,0.864198,0.777778,0.319068,,0
67,78,0.890052,0.841584,0.914605,,0
67,79,0.935484,0.890625,0.631614,,0
67,80,0.923497,0.876344,0.712305,,0
68,1,0.810811,0.762712,0.600163,,0
68,2,0.839344,0.723164,0.535275,,0
68,3,0.662857,0.649718,0.609028,,0
68,4,0.938776,0.903955,0.807597,,0
68,5,0.773585,0.694915,0.680285,,0
68,6,0.931429,0.909605,0.545309,,0
68,7,0.703947,0.604520,0.423503,,0
68,8,0.886076,0.802752,0.888574,,0
68,9,0.907652,0.846535,0.945662,,0
68,10,0.910053,0.855721,0.422504,,0
68,11,0.950276,0.908108,0.779609,,0
68,12,0.713805,0.598870,0.339317,,0
68,13,0.721127,0.702247,0.540836,,0
68,14,0.896341,0.830508,0.858525,,0
68,15,0.849057,0.762712,0.731218,,0
68,16,0.899135,0.875706,0.457910,,0
68,17,0.913838,0.849515,0.465084,,0
68,18,0.890110,0.850267,0.326715,,0
68,19,0.822695,0.707317,0.431944,,0
68,20,0.947945,0.909574,0.694063,,0
68,21,0.971751,0.954802,0.583483,,0
68,22,0.907652,0.851485,0.432647,,0
68,23,0.766467,0.723164,0.481733,,0
68,24,0.870091,0.807910,0.973885,,0
68,25,0.946746,0.903955,0.522234,,0
68,26,0.881612,0.795455,0.876306,,0
68,27,0.920635,0.865672,0.625301,,0
68,28,0.912181,0.881356,0.556279,,0
68,29,0.822430,0.701195,0.656432,,0
68,30,0.865000,0.775785,0.480053,,0
68,31,0.958217,0.934066,0.338170,,0
68,32,0.744479,0.666667,0.748674,,0
68,33,0.948864,0.932203,0.411869,,0
68,34,0.892308,0.816901,0.539381,,0
68,35,0.960894,0.944751,0.294558,,0
68,36,0.865000,0.775785,0.698116,,0
68,37,0.943503,0.915254,0.676718,,0
68,38,0.840237,0.790960,0.950027,,0
68,39,0.876344,0.830769,0.462998,,0
68,40,0.850794,0.757062,0.559866,,0
68,41,0.932584,0.899441,0.561854,,0
68,42,0.861386,0.766520,0.547018,,0
68,43,0.931034,0.909605,0.525143,,0
68,44,0.870647,0.777778,0.411024,,0
68,45,0.912467,0.860000,0.646938,,0
68,46,0.944606,0.915254,0.525871,,0
68,47,0.950820,0.915344,0.479729,,0
68,48,0.934783,0.900524,0.751300,,0
68,49,0.801187,0.762712,0.471402,,0
68,50,0.887218,0.797297,0.750458,,0
68,51,0.905759,0.843902,0.587066,,0
68,52,0.856250,0.768362,0.565256,,0
68,53,0.954802,0.932203,0.480452,,0
68,54,0.844444,0.808743,0.502014,,0
68,55,0.868502,0.802260,0.652666,,0
68,56,0.949438,0.910615,0.505349,,0
68,57,0.921053,0.862069,0.791641,,0
68,58,0.915663,0.858757,0.413842,,0
68,59,0.862385,0.785311,0.890963,,0
68,60,0.908555,0.864407,0.769185,,0
68,61,0.706897,0.689266,0.595241,,0
68,62,0.915344,0.860697,0.397544,,0
68,63,0.910526,0.852217,0.430422,,0
68,64,0.930481,0.883249,0.605844,,0
68,65,0.846591,0.807910,0.487682,,0
68,66,0.963585,0.933333,0.513042,,0
68,67,0.945355,0.904762,0.450144,,0
68,68,0.935135,0.896373,0.666082,55.51041792094299,1
68,69,0.932615,0.891753,0.805761,,0
68,70,0.957983,0.933333,0.766027,,0
68,71,0.922636,0.887006,0.612426,,0
68,72,0.889552,0.836158,0.829154,,0
68,73,0.702194,0.632768,0.927058,,0
68,74,0.896373,0.827751,0.805701,,0
68,75,0.932249,0.895833,0.443196,,0
68,76,0.848101,0.757062,0.609847,,0
68,77,0.859813,0.779661,0.547132,,0
68,78,0.918206,0.861386,0.664985,,0
68,79,0.943089,0.895833,0.887098,,0
68,80,0.936639,0.897849,0.469504,,0
69,1,0.846395,0.822086,0.806819,,0
69,2,0.879725,0.785276,0.918629,,0
69,3,0.672619,0.653179,0.825414,,0
69,4,0.966565,0.939759,0.793809,,0
69,5,0.789474,0.736196,0.897359,,0
69,6,0.952381,0.924855,0.913033,,0
69,7,0.717241,0.638037,0.647260,,0
69,8,0.850394,0.743119,0.677174,,0
69,9,0.887671,0.801980,0.535089,,0
69,10,0.895604,0.810945,0.544573,,0
69,11,0.931034,0.875676,0.669568,,0
69,12,0.720848,0.625767,0.562481,,0
69,13,0.739003,0.702247,0.948997,,0
69,14,0.942675,0.907975,0.494117,,0
69,15,0.875000,0.809816,0.273112,,0
69,16,0.924925,0.900000,0.729918,,0
69,17,0.878049,0.786408,0.619475,,0
69,18,0.920000,0.855615,0.495053,,0
69,19,0.787286,0.654472,0.670338,,0
69,20,0.917379,0.856383,0.462324,,0
69,21,0.947059,0.909605,0.909460,,0
69,22,0.893151,0.806931,0.711481,,0
69,23,0.787500,0.760736,0.386050,,0
69,24,0.908517,0.877301,0.482529,,0
69,25,0.987654,0.981595,0.795037,,0
69,26,0.840731,0.731818,0.475061,,0
69,27,0.890110,0.805970,0.875420,,0
69,28,0.955752,0.914773,0.942665,,0
69,29,0.787440,0.649402,0.873160,,0
69,30,0.839378,0.726457,0.612719,,0
69,31,0.939130,0.890110,0.457540,,0
69,32,0.752475,0.699387,0.775486,,0
69,33,0.958580,0.925714,0.810175,,0
69,34,0.861702,0.760563,0.221349,,0
69,35,0.930233,0.883978,0.503428,,0
69,36,0.834197,0.721973,0.942089,,0
69,37,0.947059,0.903955,0.453362,,0
69,38,0.851852,0.840491,0.661166,,0
69,39,0.893855,0.810256,0.695477,,0
69,40,0.897010,0.828221,0.943369,,0
69,41,0.941520,0.893855,0.931924,,0
69,42,0.835897,0.718062,0.804946,,0
69,43,0.952096,0.912281,0.763667,,0
69,44,0.835052,0.720000,0.618056,,0
69,45,0.881543,0.800000,0.910384,,0
69,46,0.972644,0.945783,0.768395,,0
69,47,0.920455,0.857143,0.677620,,0
69,48,0.920904,0.853403,0.766856,,0
69,49,0.817337,0.809816,0.641576,,0
69,50,0.841558,0.729730,0.297005,,0
69,51,0.880435,0.790244,0.787658,,0
69,52,0.862745,0.809816,0.264046,,0
69,53,0.952941,0.915254,0.859251,,0
69,54,0.867052,0.803279,0.692392,,0
69,55,0.881789,0.840491,0.871045,,0
69,56,0.947368,0.905028,0.784220,,0
69,57,0.879781,0.793103,0.359577,,0
69,58,0.943396,0.920245,0.330548,,0
69,59,0.875399,0.840491,0.455288,,0
69,60,0.953846,0.944785,0.546880,,0
69,61,0.724551,0.695906,0.885883,,0
69,62,0.879121,0.796020,0.420050,,0
69,63,0.890710,0.802956,0.184145,,0
69,64,0.888889,0.812183,0.820482,,0
69,65,0.863905,0.822857,0.837555,,0
69,66,0.932945,0.888889,0.269329,,0
69,67,0.909091,0.846561,0.358434,,0
69,68,0.910112,0.839378,0.856418,,0
69,69,0.901961,0.829897,0.698526,41.28231494033868,1
69,70,0.932945,0.888889,0.792102,,0
69,71,0.943284,0.912791,0.290451,,0
69,72,0.915888,0.901840,0.761358,,0
69,73,0.714754,0.668712,0.637412,,0
69,74,0.876344,0.779904,0.772932,,0
69,75,0.918310,0.848958,0.312977,,0
69,76,0.874172,0.809816,0.741507,,0
69,77,0.872964,0.822086,0.222725,,0
69,78,0.887671,0.801980,0.926368,,0
69,79,0.918310,0.848958,0.705577,,0
69,80,0.928367,0.870968,0.806552,,0
70,1,0.839879,0.794286,0.899480,,0
70,2,0.844884,0.731429,0.916816,,0
70,3,0.672414,0.640000,0.819521,,0
70,4,0.938416,0.908571,0.750993,,0
70,5,0.784810,0.708571,0.886797,,0
70,6,0.931034,0.902857,0.944968,,0
70,7,0.721854,0.622857,0.706998,,0
70,8,0.865140,0.779817,0.592495,,0
70,9,0.907162,0.836634,0.574589,,0
70,10,0.904255,0.845771,0.653937,,0
70,11,0.944444,0.908108,0.563357,,0
70,12,0.725424,0.611429,0.677221,,0
70,13,0.736544,0.707865,0.962508,,0
70,14,0.914110,0.851429,0.405894,,0
70,15,0.848101,0.760000,0.290301,,0
70,16,0.886957,0.868571,0.859683,,0
70,17,0.897638,0.825243,0.713146,,0
70,18,0.906077,0.855615,0.619356,,0
70,19,0.807601,0.691057,0.876819,,0
70,20,0.925620,0.882979,0.389284,,0
70,21,0.954545,0.932203,0.841896,,0
70,22,0.907162,0.846535,0.792629,,0
70,23,0.765060,0.720000,0.509892,,0
70,24,0.881459,0.828571,0.445260,,0
70,25,0.952381,0.914286,0.952346,,0
70,26,0.870886,0.781818,0.470430,,0
70,27,0.909574,0.845771,0.883597,,0
70,28,0.928775,0.892045,0.966438,,0
70,29,0.816901,0.693227,0.923912,,0
70,30,0.854271,0.762332,0.853564,,0
70,31,0.952381,0.923077,0.619866,,0
70,32,0.749206,0.674286,0.842324,,0
70,33,0.937143,0.897143,0.825474,,0
70,34,0.886598,0.802817,0.350169,,0
70,35,0.943820,0.928177,0.641938,,0
70,36,0.849246,0.757848,0.835335,,0
70,37,0.943182,0.903955,0.388525,,0
70,38,0.845238,0.794286,0.635773,,0
70,39,0.881081,0.825641,0.930150,,0
70,40,0.869010,0.777143,0.953558,,0
70,41,0.920904,0.888268,0.973126,,0
70,42,0.850746,0.753304,0.938454,,0
70,43,0.919075,0.891429,0.941250,,0
70,44,0.845000,0.751111,0.810137,,0
70,45,0.896000,0.840000,0.881222,,0
70,46,0.938416,0.908571,0.924429,,0
70,47,0.939560,0.894180,0.880178,,0
70,48,0.928962,0.884817,0.752427,,0
70,49,0.805970,0.760000,0.770309,,0
70,50,0.871537,0.779279,0.312841,,0
70,51,0.900000,0.834146,0.823153,,0
70,52,0.842767,0.765714,0.369495,,0
70,53,0.960227,0.932203,0.923925,,0
70,54,0.854749,0.797814,0.899930,,0
70,55,0.861538,0.794286,0.760311,,0
70,56,0.949153,0.910615,0.934895,,0
70,57,0.899471,0.837438,0.399229,,0
70,58,0.903030,0.851429,0.414629,,0
70,59,0.861538,0.794286,0.495466,,0
70,60,0.913947,0.880000,0.501852,,0
70,61,0.722543,0.685714,0.917932,,0
70,62,0.904255,0.840796,0.509886,,0
70,63,0.904762,0.842365,0.266729,,0
70,64,0.908602,0.852792,0.847722,,0
70,65,0.840000,0.822857,0.897450,,0
70,66,0.946479,0.927778,0.275271,,0
70,67,0.939560,0.904762,0.471947,,0
70,68,0.923913,0.880829,0.762697,,0
70,69,0.926829,0.871134,0.674213,,0
70,70,0.957746,0.927778,0.726486,35.38011335911356,1
70,71,0.916427,0.885714,0.365047,,0
70,72,0.888889,0.840000,0.850524,,0
70,73,0.719243,0.651429,0.618780,,0
70,74,0.895833,0.822967,0.723988,,0
70,75,0.931880,0.890625,0.389106,,0
70,76,0.847134,0.754286,0.805995,,0
70,77,0.858934,0.782857,0.355159,,0
70,78,0.907162,0.846535,0.828999,,0
70,79,0.937330,0.885417,0.682682,,0
70,80,0.930748,0.881720,0.675693,,0
71,1,0.819767,0.744681,0.682993,,0
71,2,0.810127,0.680851,0.851000,,0
71,3,0.670360,0.638298,0.892351,,0
71,4,0.915254,0.861702,0.925258,,0
71,5,0.772036,0.675532,0.954981,,0
71,6,0.914127,0.877660,0.808312,,0
71,7,0.704762,0.590426,0.637961,,0
71,8,0.896552,0.834862,0.663805,,0
71,9,0.907692,0.846535,0.692365,,0
71,10,0.920308,0.890547,0.605864,,0
71,11,0.927614,0.882979,0.820193,,0
71,12,0.707792,0.579787,0.497062,,0
71,13,0.732240,0.696809,0.884414,,0
71,14,0.884956,0.797872,0.558200,,0
71,15,0.820669,0.718085,0.385814,,0
71,16,0.871508,0.824468,0.713991,,0
71,17,0.918782,0.873786,0.686563,,0
71,18,0.885333,0.856383,0.429874,,0
71,19,0.820276,0.723577,0.571425,,0
71,20,0.930851,0.893617,0.560703,,0
71,21,0.953425,0.925532,0.915907,,0
71,22,0.923077,0.886139,0.764955,,0
71,23,0.759420,0.691489,0.315776,,0
71,24,0.859649,0.781915,0.560207,,0
71,25,0.922636,0.856383,0.714303,,0
71,26,0.882353,0.818182,0.533556,,0
71,27,0.930591,0.900498,0.871478,,0
71,28,0.895604,0.867021,0.917858,,0
71,29,0.833713,0.729084,0.875421,,0
71,30,0.871046,0.802691,0.618696,,0
71,31,0.956757,0.914894,0.438488,,0
71,32,0.743902,0.648936,0.858652,,0
71,33,0.920110,0.888298,0.669453,,0
71,34,0.907731,0.854460,0.209114,,0
71,35,0.959350,0.936170,0.400889,,0
71,36,0.871046,0.802691,0.917762,,0
71,37,0.931507,0.888298,0.465628,,0
71,38,0.825215,0.760638,0.761372,,0
71,39,0.872063,0.830769,0.687282,,0
71,40,0.840491,0.728723,0.847477,,0
71,41,0.915531,0.882979,0.839034,,0
71,42,0.881928,0.806167,0.801212,,0
71,43,0.908078,0.867021,0.731357,,0
71,44,0.871671,0.800000,0.599569,,0
71,45,0.912371,0.885000,0.867168,,0
71,46,0.920904,0.867021,0.741359,,0
71,47,0.944297,0.899471,0.655495,,0
71,48,0.923483,0.874346,0.759207,,0
71,49,0.793103,0.734043,0.651910,,0
71,50,0.887805,0.819820,0.411722,,0
71,51,0.910941,0.873171,0.891100,,0
71,52,0.815710,0.718085,0.248316,,0
71,53,0.936986,0.904255,0.778617,,0
71,54,0.840970,0.792553,0.674516,,0
71,55,0.840237,0.755319,0.951333,,0
71,56,0.937330,0.904255,0.755948,,0
71,57,0.920716,0.876847,0.442965,,0
71,58,0.880466,0.803191,0.311643,,0
71,59,0.834320,0.750000,0.533522,,0
71,60,0.897143,0.835106,0.670650,,0
71,61,0.713092,0.670213,0.809001,,0
71,62,0.910026,0.880597,0.363895,,0
71,63,0.930946,0.891626,0.180660,,0
71,64,0.929870,0.898477,0.857636,,0
71,65,0.842975,0.797872,0.706130,,0
71,66,0.951087,0.925532,0.380244,,0
71,67,0.938992,0.899471,0.323906,,0
71,68,0.939633,0.917098,0.946281,,0
71,69,0.937173,0.891753,0.838955,,0
71,70,0.940217,0.909574,0.828240,,0
71,71,0.905556,0.856383,0.287849,32.53054955865501,1
71,72,0.867052,0.797872,0.819136,,0
71,73,0.709091,0.622340,0.770184,,0
71,74,0.911839,0.861244,0.785826,,0
71,75,0.936842,0.885417,0.317779,,0
71,76,0.825688,0.718085,0.813138,,0
71,77,0.837349,0.739362,0.204540,,0
71,78,0.928205,0.896040,0.929154,,0
71,79,0.921053,0.885417,0.798810,,0
71,80,0.914439,0.877660,0.640613,,0
72,1,0.844311,0.780899,0.751744,,0
72,2,0.836601,0.719101,0.711060,,0
72,3,0.689459,0.651685,0.858307,,0
72,4,0.930233,0.898876,0.730882,,0
72,5,0.802508,0.707865,0.777592,,0
72,6,0.934473,0.898876,0.703877,,0
72,7,0.727869,0.617978,0.806823,,0
72,8,0.873737,0.793578,0.829431,,0
72,9,0.915789,0.856436,0.738274,,0
72,10,0.891821,0.840796,0.787656,,0
72,11,0.931129,0.891892,0.684068,,0
72,12,0.724832,0.606742,0.839610,,0
72,13,0.752809,0.713483,0.639079,,0
72,14,0.905775,0.837079,0.785143,,0
72,15,0.852665,0.764045,0.792894,,0
72,16,0.896552,0.865169,0.653752,,0
72,17,0.901042,0.834951,0.757934,,0
72,18,0.915068,0.866310,0.829712,,0
72,19,0.797170,0.686992,0.609024,,0
72,20,0.928962,0.877660,0.825843,,0
72,21,0.957746,0.926966,0.726581,,0
72,22,0.894737,0.841584,0.745822,,0
72,23,0.788060,0.741573,0.795158,,0
72,24,0.891566,0.831461,0.671659,,0
72,25,0.949853,0.904494,0.623542,,0
72,26,0.859296,0.777273,0.866989,,0
72,27,0.907652,0.850746,0.787026,,0
72,28,0.915254,0.876404,0.661032,,0
72,29,0.820513,0.701195,0.805849,,0
72,30,0.842893,0.757848,0.684021,,0
72,31,0.938889,0.912088,0.754469,,0
72,32,0.767296,0.674157,0.653266,,0
72,33,0.940510,0.910112,0.700522,,0
72,34,0.879795,0.807512,0.717143,,0
72,35,0.941504,0.933702,0.743358,,0
72,36,0.842893,0.757848,0.674396,,0
72,37,0.940845,0.910112,0.754603,,0
72,38,0.843658,0.797753,0.760458,,0
72,39,0.884718,0.830769,0.577424,,0
72,40,0.860759,0.764045,0.677390,,0
72,41,0.935574,0.893855,0.651815,,0
72,42,0.854321,0.762115,0.628602,,0
72,43,0.922636,0.876404,0.643543,,0
72,44,0.853598,0.764444,0.779192,,0
72,45,0.883598,0.835000,0.626958,,0
72,46,0.947674,0.910112,0.646967,,0
72,47,0.926431,0.888889,0.650251,,0
72,48,0.926829,0.884817,0.776271,,0
72,49,0.822485,0.769663,0.799696,,0
72,50,0.860000,0.774775,0.778444,,0
72,51,0.887728,0.829268,0.738445,,0
72,52,0.847352,0.764045,0.792410,,0
72,53,0.952113,0.904494,0.733077,,0
72,54,0.853186,0.808743,0.688487,,0
72,55,0.878049,0.808989,0.675375,,0
72,56,0.946779,0.910615,0.573713,,0
72,57,0.892388,0.837438,0.833539,,0
72,58,0.912913,0.853933,0.737083,,0
72,59,0.853659,0.786517,0.703693,,0
72,60,0.923529,0.870787,0.687838,,0
72,61,0.727794,0.685393,0.563545,,0
72,62,0.897098,0.835821,0.839100,,0
72,63,0.902887,0.847291,0.715961,,0
72,64,0.906667,0.857868,0.787535,,0
72,65,0.849858,0.808989,0.704606,,0
72,66,0.944134,0.916667,0.736917,,0
72,67,0.931880,0.899471,0.787414,,0
72,68,0.905660,0.870466,0.763350,,0
72,69,0.908602,0.871134,0.766452,,0
72,70,0.938547,0.905556,0.742499,,0
72,71,0.925714,0.887640,0.821139,,0
72,72,0.898810,0.842697,0.863140,41.42585738071256,1
72,73,0.731250,0.657303,0.650651,,0
72,74,0.883721,0.818182,0.749073,,0
72,75,0.924324,0.885417,0.763164,,0
72,76,0.864353,0.769663,0.859849,,0
72,77,0.863354,0.780899,0.731377,,0
72,78,0.910526,0.846535,0.716734,,0
72,79,0.918919,0.875000,0.773422,,0
72,80,0.923077,0.870968,0.650916,,0
73,1,0.881250,0.817073,0.696433,,0
73,2,0.876712,0.780488,0.717932,,0
73,3,0.771513,0.722543,0.896656,,0
73,4,0.884848,0.855422,0.902327,,0
73,5,0.852459,0.780488,0.904142,,0
73,6,0.878338,0.849711,0.767501,,0
73,7,0.804124,0.707317,0.681021,,0
73,8,0.780105,0.683486,0.713664,,0
73,9,0.846995,0.767327,0.758156,,0
73,10,0.789041,0.716418,0.672566,,0
73,11,0.842407,0.789189,0.914384,,0
73,12,0.809859,0.695122,0.578241,,0
73,13,0.818713,0.741573,0.727190,,0
73,14,0.907937,0.853659,0.698150,,0
73,15,0.904918,0.841463,0.478482,,0
73,16,0.868263,0.835294,0.609837,,0
73,17,0.810811,0.728155,0.864673,,0
73,18,0.877493,0.818182,0.514645,,0
73,19,0.707317,0.589431,0.505779,,0
73,20,0.863636,0.792553,0.563057,,0
73,21,0.856305,0.824859,0.908497,,0
73,22,0.792350,0.717822,0.836886,,0
73,23,0.841121,0.792683,0.376876,,0
73,24,0.911950,0.853659,0.638828,,0
73,25,0.867692,0.859756,0.614596,,0
73,26,0.770833,0.672727,0.632058,,0
73,27,0.827397,0.751244,0.899767,,0
73,28,0.876471,0.840909,0.784191,,0
73,29,0.766265,0.633466,0.841318,,0
73,30,0.739018,0.641256,0.616439,,0
73,31,0.855491,0.796703,0.478049,,0
73,32,0.842105,0.762195,0.821730,,0
73,33,0.873156,0.845714,0.682687,,0
73,34,0.790451,0.699531,0.313039,,0
73,35,0.834783,0.790055,0.511275,,0
73,36,0.744186,0.645740,0.855061,,0
73,37,0.862170,0.819209,0.523536,,0
73,38,0.892308,0.823171,0.825544,,0
73,39,0.874652,0.794872,0.602161,,0
73,40,0.907285,0.835366,0.789515,,0
73,41,0.880466,0.837989,0.729766,,0
73,42,0.782609,0.674009,0.722332,,0
73,43,0.871642,0.836257,0.595032,,0
73,44,0.776350,0.671111,0.630588,,0
73,45,0.780220,0.710000,0.802946,,0
73,46,0.890909,0.855422,0.603980,,0
73,47,0.838527,0.772487,0.558476,,0
73,48,0.833803,0.769634,0.752250,,0
73,49,0.858025,0.780488,0.665571,,0
73,50,0.777202,0.675676,0.510098,,0
73,51,0.785908,0.707317,0.943255,,0
73,52,0.879479,0.817073,0.361490,,0
73,53,0.862170,0.824859,0.767361,,0
73,54,0.864553,0.786885,0.605387,,0
73,55,0.910828,0.841463,0.911877,,0
73,56,0.868805,0.815642,0.616940,,0
73,57,0.801090,0.719212,0.546064,,0
73,58,0.902821,0.853659,0.297460,,0
73,59,0.891720,0.823171,0.690524,,0
73,60,0.901840,0.871951,0.917484,,0
73,61,0.794030,0.736842,0.659101,,0
73,62,0.794521,0.716418,0.404699,,0
73,63,0.811989,0.733990,0.257471,,0
73,64,0.831025,0.756345,0.886609,,0
73,65,0.879056,0.817143,0.732124,,0
73,66,0.848837,0.805556,0.399635,,0
73,67,0.832861,0.772487,0.346772,,0
73,68,0.806723,0.746114,0.953395,,0
73,69,0.826816,0.762887,0.957811,,0
73,70,0.843023,0.800000,0.942164,,0
73,71,0.886905,0.843023,0.382952,,0
73,72,0.919255,0.871951,0.858454,,0
73,73,0.803922,0.725610,0.729208,34.592849761123574,1
73,74,0.793566,0.708134,0.873864,,0
73,75,0.842697,0.776042,0.308681,,0
73,76,0.897690,0.823171,0.925561,,0
73,77,0.902597,0.835366,0.312325,,0
73,78,0.825137,0.742574,0.927595,,0
73,79,0.842697,0.781250,0.811245,,0
73,80,0.868571,0.811828,0.636200,,0
74,1,0.867089,0.818750,0.637546,,0
74,2,0.888889,0.800000,0.731943,,0
74,3,0.738739,0.693642,0.740559,,0
74,4,0.914110,0.897590,0.820947,,0
74,5,0.850498,0.781250,0.825696,,0
74,6,0.906907,0.855491,0.690519,,0
74,7,0.801394,0.718750,0.595078,,0
74,8,0.804233,0.697248,0.675074,,0
74,9,0.845304,0.752475,0.826190,,0
74,10,0.819945,0.736318,0.647550,,0
74,11,0.875362,0.810811,0.760283,,0
74,12,0.800000,0.693750,0.437027,,0
74,13,0.798817,0.730337,0.727101,,0
74,14,0.945338,0.906250,0.654143,,0
74,15,0.903654,0.850000,0.485252,,0
74,16,0.909091,0.870588,0.755072,,0
74,17,0.836066,0.737864,0.687203,,0
74,18,0.893372,0.823529,0.412829,,0
74,19,0.733990,0.605691,0.556518,,0
74,20,0.885057,0.813830,0.469144,,0
74,21,0.890208,0.847458,0.717297,,0
74,22,0.817680,0.732673,0.670134,,0
74,23,0.826498,0.793750,0.320983,,0
74,24,0.917197,0.862500,0.591118,,0
74,25,0.909657,0.900621,0.730644,,0
74,26,0.805263,0.690909,0.594626,,0
74,27,0.836565,0.751244,0.729846,,0
74,28,0.880952,0.835227,0.745435,,0
74,29,0.768856,0.629482,0.749743,,0
74,30,0.772846,0.663677,0.667200,,0
74,31,0.865497,0.813187,0.364581,,0
74,32,0.833333,0.768750,0.969322,,0
74,33,0.895522,0.857143,0.587846,,0
74,34,0.815013,0.713615,0.280263,,0
74,35,0.868035,0.817680,0.366242,,0
74,36,0.778068,0.668161,0.778983,,0
74,37,0.896142,0.853107,0.506500,,0
74,38,0.903427,0.826087,0.750711,,0
74,39,0.878873,0.789744,0.692465,,0
74,40,0.906040,0.843750,0.699257,,0
74,41,0.896755,0.849162,0.710091,,0
74,42,0.790698,0.669604,0.826799,,0
74,43,0.918429,0.883041,0.731277,,0
74,44,0.784416,0.671111,0.539796,,0
74,45,0.816667,0.735000,0.822664,,0
74,46,0.920245,0.885542,0.731937,,0
74,47,0.871060,0.804233,0.641078,,0
74,48,0.854701,0.785340,0.723381,,0
74,49,0.875000,0.825000,0.701038,,0
74,50,0.816754,0.702703,0.493868,,0
74,51,0.816438,0.726829,0.842712,,0
74,52,0.897690,0.850000,0.304895,,0
74,53,0.884273,0.841808,0.611826,,0
74,54,0.886297,0.814208,0.665682,,0
74,55,0.922581,0.881250,0.856714,,0
74,56,0.896755,0.843575,0.779512,,0
74,57,0.826446,0.738916,0.499974,,0
74,58,0.946032,0.900000,0.272625,,0
74,59,0.903226,0.850000,0.549637,,0
74,60,0.919255,0.882716,0.740817,,0
74,61,0.785498,0.736842,0.738604,,0
74,62,0.831025,0.746269,0.360964,,0
74,63,0.826446,0.738916,0.247160,,0
74,64,0.857143,0.776650,0.729651,,0
74,65,0.883582,0.811429,0.596528,,0
74,66,0.882353,0.827778,0.409352,,0
74,67,0.876791,0.809524,0.296164,,0
74,68,0.844193,0.772021,0.840142,,0
74,69,0.853107,0.773196,0.808495,,0
74,70,0.882353,0.833333,0.731899,,0
74,71,0.921687,0.877907,0.347254,,0
74,72,0.924528,0.881250,0.819932,,0
74,73,0.781457,0.712500,0.826202,,0
74,74,0.813008,0.717703,0.693540,49.5791530454808,1
74,75,0.852273,0.770833,0.297956,,0
74,76,0.889632,0.831250,0.813975,,0
74,77,0.907895,0.856250,0.265368,,0
74,78,0.839779,0.752475,0.843622,,0
74,79,0.875000,0.802083,0.701774,,0
74,80,0.890173,0.822581,0.371584,,0
75,1,0.887460,0.839744,0.543286,,0
75,2,0.904594,0.825806,0.495447,,0
75,3,0.762195,0.710983,0.474092,,0
75,4,0.897196,0.867470,0.523797,,0
75,5,0.851351,0.800000,0.545565,,0
75,6,0.878049,0.832370,0.494073,,0
75,7,0.794326,0.709677,0.376406,,0
75,8,0.793566,0.678899,0.818639,,0
75,9,0.845938,0.742574,0.738748,,0
75,10,0.797753,0.706468,0.382213,,0
75,11,0.858824,0.789189,0.600316,,0
75,12,0.785455,0.696774,0.324403,,0
75,13,0.822823,0.758427,0.432808,,0
75,14,0.921569,0.890323,0.930104,,0
75,15,0.925676,0.870968,0.665831,,0
75,16,0.904615,0.864706,0.418718,,0
75,17,0.814404,0.713592,0.396304,,0
75,18,0.877193,0.791444,0.351945,,0
75,19,0.713217,0.581301,0.335427,,0
75,20,0.851312,0.771277,0.611492,,0
75,21,0.855422,0.802260,0.505679,,0
75,22,0.806723,0.707921,0.286381,,0
75,23,0.858974,0.802548,0.491021,,0
75,24,0.919094,0.877419,0.587910,,0
75,25,0.886076,0.869565,0.475245,,0
75,26,0.778667,0.659091,0.778329,,0
75,27,0.831461,0.736318,0.510890,,0
75,28,0.864048,0.812500,0.433502,,0
75,29,0.743842,0.601594,0.439134,,0
75,30,0.756614,0.641256,0.403105,,0
75,31,0.854599,0.785714,0.260138,,0
75,32,0.833898,0.767742,0.621351,,0
75,33,0.890909,0.840000,0.430510,,0
75,34,0.798913,0.690141,0.478999,,0
75,35,0.839286,0.773481,0.294336,,0
75,36,0.746032,0.632287,0.660922,,0
75,37,0.891566,0.830508,0.793027,,0
75,38,0.886076,0.819876,0.692167,,0
75,39,0.857143,0.769231,0.330024,,0
75,40,0.935154,0.883871,0.492569,,0
75,41,0.880240,0.821229,0.479289,,0
75,42,0.780105,0.656388,0.436490,,0
75,43,0.895706,0.853801,0.393347,,0
75,44,0.784211,0.662222,0.260113,,0
75,45,0.783099,0.695000,0.659826,,0
75,46,0.897196,0.861446,0.402898,,0
75,47,0.843023,0.767196,0.319637,,0
75,48,0.843931,0.764398,0.667728,,0
75,49,0.882540,0.825000,0.425179,,0
75,50,0.785146,0.666667,0.671584,,0
75,51,0.788889,0.692683,0.492569,,0
75,52,0.906040,0.858065,0.444631,,0
75,53,0.867470,0.813559,0.376808,,0
75,54,0.869822,0.797814,0.351232,,0
75,55,0.924590,0.877419,0.628582,,0
75,56,0.862275,0.804469,0.411090,,0
75,57,0.810056,0.714286,0.606135,,0
75,58,0.916129,0.896774,0.399832,,0
75,59,0.904918,0.845161,0.408380,,0
75,60,0.902208,0.870370,0.656392,,0
75,61,0.791411,0.725146,0.543080,,0
75,62,0.803371,0.711443,0.451373,,0
75,63,0.815642,0.719212,0.466529,,0
75,64,0.823864,0.736041,0.484946,,0
75,65,0.884848,0.822857,0.459350,,0
75,66,0.847761,0.777778,0.570043,,0
75,67,0.848837,0.767196,0.392136,,0
75,68,0.821839,0.740933,0.608716,,0
75,69,0.848138,0.762887,0.592488,,0
75,70,0.853731,0.788889,0.580536,,0
75,71,0.892966,0.837209,0.594992,,0
75,72,0.926518,0.886076,0.591771,,0
75,73,0.787879,0.729032,0.757587,,0
75,74,0.796703,0.693780,0.633634,,0
75,75,0.847262,0.760417,0.460460,58.10638094589362,1
75,76,0.911565,0.864516,0.546896,,0
75,77,0.916388,0.858065,0.393318,,0
75,78,0.823529,0.722772,0.673696,,0
75,79,0.847262,0.765625,0.604846,,0
75,80,0.879765,0.801075,0.480567,,0
76,1,0.822485,0.752747,0.811712,,0
76,2,0.825806,0.703297,0.664384,,0
76,3,0.698592,0.670330,0.704961,,0
76,4,0.936782,0.890110,0.823462,,0
76,5,0.792570,0.703297,0.834672,,0
76,6,0.923944,0.884615,0.784657,,0
76,7,0.744337,0.626374,0.383196,,0
76,8,0.855000,0.779817,0.854480,,0
76,9,0.895833,0.836634,0.766356,,0
76,10,0.877285,0.830846,0.457975,,0
76,11,0.926431,0.897297,0.720806,,0
76,12,0.735099,0.609890,0.368631,,0
76,13,0.755556,0.714286,0.747900,,0
76,14,0.894895,0.818681,0.717559,,0
76,15,0.866873,0.769231,0.515097,,0
76,16,0.909091,0.868132,0.530772,,0
76,17,0.886598,0.825243,0.569393,,0
76,18,0.905149,0.839572,0.322977,,0
76,19,0.794393,0.691057,0.570502,,0
76,20,0.908108,0.851064,0.594452,,0
76,21,0.947075,0.917582,0.822820,,0
76,22,0.885417,0.836634,0.552838,,0
76,23,0.802360,0.741758,0.420950,,0
76,24,0.875000,0.807692,0.817867,,0
76,25,0.938776,0.884615,0.686458,,0
76,26,0.855721,0.781818,0.722119,,0
76,27,0.892950,0.850746,0.779424,,0
76,28,0.921788,0.873626,0.812065,,0
76,29,0.826790,0.713147,0.771264,,0
76,30,0.829630,0.753363,0.601553,,0
76,31,0.928571,0.901099,0.425782,,0
76,32,0.776398,0.686813,0.781100,,0
76,33,0.941176,0.906593,0.515601,,0
76,34,0.875949,0.807512,0.439743,,0
76,35,0.920110,0.890110,0.308177,,0
76,36,0.834568,0.757848,0.884600,,0
76,37,0.935933,0.895604,0.577207,,0
76,38,0.857143,0.791209,0.906122,,0
76,39,0.891247,0.825641,0.684212,,0
76,40,0.850000,0.747253,0.840669,,0
76,41,0.919668,0.868132,0.826525,,0
76,42,0.855746,0.770925,0.714666,,0
76,43,0.929178,0.879121,0.665518,,0
76,44,0.845209,0.764444,0.489390,,0
76,45,0.874346,0.835000,0.869990,,0
76,46,0.919540,0.873626,0.664332,,0
76,47,0.916442,0.883598,0.612427,,0
76,48,0.911528,0.858639,0.891606,,0
76,49,0.807018,0.758242,0.520728,,0
76,50,0.851485,0.770270,0.541576,,0
76,51,0.868217,0.814634,0.705394,,0
76,52,0.849231,0.758242,0.452367,,0
76,53,0.935933,0.895604,0.697958,,0
76,54,0.854795,0.786885,0.643273,,0
76,55,0.873494,0.796703,0.734691,,0
76,56,0.925208,0.879121,0.701898,,0
76,57,0.877922,0.827586,0.583861,,0
76,58,0.919881,0.851648,0.323433,,0
76,59,0.849398,0.774725,0.764449,,0
76,60,0.906977,0.851648,0.696281,,0
76,61,0.759207,0.708791,0.848026,,0
76,62,0.877285,0.835821,0.339808,,0
76,63,0.877922,0.827586,0.359771,,0
76,64,0.897098,0.857868,0.698572,,0
76,65,0.862745,0.802198,0.729694,,0
76,66,0.933702,0.901099,0.379158,,0
76,67,0.911051,0.888889,0.381145,,0
76,68,0.890667,0.865285,0.721824,,0
76,69,0.904255,0.871134,0.796619,,0
76,70,0.928177,0.901099,0.872421,,0
76,71,0.915254,0.868132,0.497187,,0
76,72,0.888235,0.829670,0.857029,,0
76,73,0.740741,0.659341,0.844969,,0
76,74,0.874680,0.818182,0.947582,,0
76,75,0.903743,0.864583,0.361354,,0
76,76,0.853583,0.752747,0.642660,50.594185761090856,1
76,77,0.858896,0.769231,0.424149,,0
76,78,0.885417,0.841584,0.787315,,0
76,79,0.919786,0.875000,0.880230,,0
76,80,0.940217,0.892473,0.699675,,0
77,1,0.786207,0.717949,0.601409,,0
77,2,0.778626,0.761194,0.411084,,0
77,3,0.788274,0.682081,0.488805,,0
77,4,0.733333,0.656627,0.402125,,0
77,5,0.836364,0.758865,0.443231,,0
77,6,0.742671,0.658960,0.486309,,0
77,7,0.842912,0.731343,0.559373,,0
77,8,0.630682,0.509174,0.633608,,0
77,9,0.732143,0.589109,0.569147,,0
77,10,0.644776,0.537313,0.558899,,0
77,11,0.702194,0.605405,0.364414,,0
77,12,0.850394,0.761194,0.709009,,0
77,13,0.801282,0.685393,0.355275,,0
77,14,0.743860,0.695364,0.604975,,0
77,15,0.800000,0.780142,0.840870,,0
77,16,0.723684,0.647059,0.500461,,0
77,17,0.682353,0.558252,0.349633,,0
77,18,0.753894,0.631016,0.680064,,0
77,19,0.573684,0.443089,0.574263,,0
77,20,0.732919,0.617021,0.717191,,0
77,21,0.694534,0.610169,0.314055,,0
77,22,0.666667,0.554455,0.327416,,0
77,23,0.810997,0.732484,0.917238,,0
77,24,0.770833,0.714286,0.544150,,0
77,25,0.698305,0.639752,0.475387,,0
77,26,0.627119,0.504545,0.720782,,0
77,27,0.662687,0.552239,0.437508,,0
77,28,0.729032,0.642045,0.372929,,0
77,29,0.649351,0.498008,0.483449,,0
77,30,0.593838,0.475336,0.662235,,0
77,31,0.696203,0.604396,0.850481,,0
77,32,0.832117,0.757143,0.360218,,0
77,33,0.718447,0.634286,0.490898,,0
77,34,0.651297,0.530516,0.966728,,0
77,35,0.673016,0.585635,0.610404,,0
77,36,0.593838,0.475336,0.321958,,0
77,37,0.720257,0.627119,0.568905,,0
77,38,0.806780,0.732919,0.542297,,0
77,39,0.784195,0.661538,0.478982,,0
77,40,0.772059,0.760870,0.370066,,0
77,41,0.734824,0.642458,0.417143,,0
77,42,0.648199,0.511013,0.386264,,0
77,43,0.734426,0.649123,0.551518,,0
77,44,0.651811,0.520000,0.644743,,0
77,45,0.622754,0.520000,0.334839,,0
77,46,0.726667,0.650602,0.586853,,0
77,47,0.687307,0.587302,0.581738,,0
77,48,0.701538,0.596859,0.533545,,0
77,49,0.795918,0.700000,0.650974,,0
77,50,0.651685,0.518018,0.816645,,0
77,51,0.631268,0.521951,0.306636,,0
77,52,0.787004,0.748252,0.982567,,0
77,53,0.700965,0.615819,0.445789,,0
77,54,0.757098,0.655738,0.606444,,0
77,55,0.781690,0.726667,0.290691,,0
77,56,0.728435,0.625698,0.391271,,0
77,57,0.664688,0.551724,0.884542,,0
77,58,0.740484,0.690323,0.797854,,0
77,59,0.781690,0.733333,0.614002,,0
77,60,0.736486,0.672840,0.382169,,0
77,61,0.826230,0.719298,0.327525,,0
77,62,0.644776,0.537313,0.817708,,0
77,63,0.670623,0.546798,0.881586,,0
77,64,0.688822,0.578680,0.457774,,0
77,65,0.796117,0.691429,0.446992,,0
77,66,0.687898,0.600000,0.775186,,0
77,67,0.699690,0.592593,0.879141,,0
77,68,0.654434,0.554404,0.354002,,0
77,69,0.676829,0.572165,0.437030,,0
77,70,0.700637,0.611111,0.388200,,0
77,71,0.738562,0.645349,0.961286,,0
77,72,0.767123,0.708861,0.656914,,0
77,73,0.826087,0.753521,0.444833,,0
77,74,0.653061,0.535885,0.443817,,0
77,75,0.693252,0.583333,0.819288,,0
77,76,0.798535,0.755396,0.493822,,0
77,77,0.805755,0.763889,0.984729,44.90182733696753,1
77,78,0.672619,0.559406,0.311854,,0
77,79,0.723926,0.614583,0.530344,,0
77,80,0.743750,0.639785,0.434235,,0
78,1,0.840580,0.756614,0.839922,,0
78,2,0.807571,0.677249,0.773612,,0
78,3,0.779006,0.677249,0.705326,,0
78,4,0.839437,0.777778,0.670072,,0
78,5,0.812121,0.708995,0.823721,,0
78,6,0.845304,0.777778,0.862716,,0
78,7,0.753165,0.624339,0.596098,,0
78,8,0.746929,0.692661,0.560746,,0
78,9,0.808184,0.717822,0.588208,,0
78,10,0.758974,0.736318,0.772115,,0
78,11,0.812834,0.767196,0.484013,,0
78,12,0.737864,0.603175,0.582857,,0
78,13,0.795640,0.724868,0.801488,,0
78,14,0.864706,0.772487,0.425127,,0
78,15,0.842424,0.735450,0.376769,,0
78,16,0.857939,0.777778,0.877616,,0
78,17,0.789873,0.733010,0.745060,,0
78,18,0.845745,0.767196,0.533418,,0
78,19,0.675862,0.597561,0.751744,,0
78,20,0.811671,0.756614,0.376923,,0
78,21,0.808743,0.767196,0.761912,,0
78,22,0.767263,0.737624,0.733983,,0
78,23,0.843931,0.761905,0.452605,,0
78,24,0.868805,0.777778,0.424127,,0
78,25,0.822857,0.761905,0.883593,,0
78,26,0.738386,0.677273,0.458274,,0
78,27,0.789744,0.751244,0.744107,,0
78,28,0.843836,0.793651,0.855716,,0
78,29,0.745455,0.653386,0.794813,,0
78,30,0.713592,0.659193,0.874540,,0
78,31,0.814016,0.793651,0.580008,,0
78,32,0.790274,0.687831,0.901242,,0
78,33,0.846154,0.798942,0.667875,,0
78,34,0.761194,0.713615,0.398169,,0
78,35,0.783784,0.751323,0.487320,,0
78,36,0.708738,0.654709,0.745349,,0
78,37,0.841530,0.793651,0.417017,,0
78,38,0.851429,0.767196,0.603592,,0
78,39,0.843750,0.769231,0.937621,,0
78,40,0.837920,0.724868,0.861519,,0
78,41,0.836957,0.798942,0.873599,,0
78,42,0.754808,0.691630,0.973146,,0
78,43,0.838889,0.777778,0.909276,,0
78,44,0.758454,0.697778,0.701255,,0
78,45,0.740360,0.720000,0.886503,,0
78,46,0.833803,0.772487,0.915324,,0
78,47,0.798942,0.772487,0.846945,,0
78,48,0.805263,0.764398,0.747190,,0
78,49,0.819484,0.730159,0.845609,,0
78,50,0.749392,0.689189,0.388890,,0
78,51,0.751269,0.717073,0.823078,,0
78,52,0.837349,0.724868,0.399099,,0
78,53,0.814208,0.783069,0.754597,,0
78,54,0.827957,0.761905,0.879485,,0
78,55,0.867257,0.777778,0.677290,,0
78,56,0.820652,0.772487,0.974161,,0
78,57,0.770408,0.733990,0.420195,,0
78,58,0.854651,0.772487,0.373137,,0
78,59,0.837758,0.740741,0.462638,,0
78,60,0.843305,0.767196,0.508630,,0
78,61,0.816667,0.735450,0.857742,,0
78,62,0.753846,0.721393,0.420933,,0
78,63,0.775510,0.743842,0.335655,,0
78,64,0.797927,0.756345,0.681678,,0
78,65,0.868132,0.804233,0.775808,,0
78,66,0.796748,0.756614,0.365336,,0
78,67,0.793651,0.761905,0.445802,,0
78,68,0.769634,0.751295,0.694066,,0
78,69,0.798956,0.768041,0.643649,,0
78,70,0.802168,0.761905,0.667492,,0
78,71,0.836565,0.767196,0.394862,,0
78,72,0.864553,0.783069,0.836788,,0
78,73,0.773414,0.671958,0.607142,,0
78,74,0.758794,0.708134,0.699976,,0
78,75,0.808399,0.755208,0.401452,,0
78,76,0.841463,0.730159,0.761947,,0
78,77,0.852853,0.751323,0.394988,,0
78,78,0.782609,0.742574,0.746782,33.91797484771265,1
78,79,0.818898,0.765625,0.578990,,0
78,80,0.848000,0.798942,0.456189,,0
79,1,0.859813,0.812121,0.959253,,0
79,2,0.873720,0.775758,0.785874,,0
79,3,0.715976,0.676301,0.769260,,0
79,4,0.924471,0.897590,0.668680,,0
79,5,0.816993,0.757576,0.842617,,0
79,6,0.928994,0.890173,0.944044,,0
79,7,0.760274,0.666667,0.570790,,0
79,8,0.835509,0.733945,0.682711,,0
79,9,0.871935,0.787129,0.489733,,0
79,10,0.846995,0.766169,0.538512,,0
79,11,0.902857,0.848649,0.580430,,0
79,12,0.778947,0.672727,0.642813,,0
79,13,0.775510,0.741573,0.871622,,0
79,14,0.930380,0.890909,0.498172,,0
79,15,0.895425,0.830303,0.316669,,0
79,16,0.919403,0.876471,0.632159,,0
79,17,0.846361,0.762136,0.653509,,0
79,18,0.897727,0.823529,0.562442,,0
79,19,0.768856,0.642276,0.796051,,0
79,20,0.895184,0.840426,0.432120,,0
79,21,0.906433,0.875706,0.878947,,0
79,22,0.844687,0.767327,0.664107,,0
79,23,0.819876,0.787879,0.532671,,0
79,24,0.909091,0.872727,0.449535,,0
79,25,0.932515,0.921212,0.834978,,0
79,26,0.820779,0.713636,0.484171,,0
79,27,0.868852,0.791045,0.889890,,0
79,28,0.909091,0.863636,0.904783,,0
79,29,0.774038,0.641434,0.827935,,0
79,30,0.798969,0.695067,0.742061,,0
79,31,0.893372,0.846154,0.656987,,0
79,32,0.806557,0.739394,0.674176,,0
79,33,0.923529,0.897143,0.787135,,0
79,34,0.841270,0.741784,0.425750,,0
79,35,0.895954,0.850829,0.599758,,0
79,36,0.798969,0.695067,0.874380,,0
79,37,0.923977,0.875706,0.384488,,0
79,38,0.883436,0.842424,0.651643,,0
79,39,0.888889,0.810256,0.795981,,0
79,40,0.891089,0.818182,0.965431,,0
79,41,0.924419,0.882682,0.951427,,0
79,42,0.816327,0.704846,0.754061,,0
79,43,0.922619,0.883041,0.782046,,0
79,44,0.815385,0.706667,0.722617,,0
79,45,0.838356,0.765000,0.880426,,0
79,46,0.930514,0.903614,0.772937,,0
79,47,0.892655,0.835979,0.757821,,0
79,48,0.887640,0.821990,0.814187,,0
79,49,0.836923,0.787879,0.641894,,0
79,50,0.832041,0.725225,0.340222,,0
79,51,0.837838,0.756098,0.718503,,0
79,52,0.902597,0.842424,0.452541,,0
79,53,0.918129,0.881356,0.912709,,0
79,54,0.873563,0.819672,0.786205,,0
79,55,0.901587,0.860606,0.722262,,0
79,56,0.901163,0.865922,0.772393,,0
79,57,0.864130,0.783251,0.419955,,0
79,58,0.950000,0.915152,0.394029,,0
79,59,0.901587,0.854545,0.511169,,0
79,60,0.929664,0.872727,0.583319,,0
79,61,0.750000,0.713450,0.890042,,0
79,62,0.863388,0.786070,0.506657,,0
79,63,0.869565,0.788177,0.350087,,0
79,64,0.878453,0.807107,0.813685,,0
79,65,0.876471,0.817143,0.958187,,0
79,66,0.904348,0.861111,0.297204,,0
79,67,0.898305,0.841270,0.472901,,0
79,68,0.865922,0.803109,0.709099,,0
79,69,0.880223,0.809278,0.674619,,0
79,70,0.910145,0.872222,0.814447,,0
79,71,0.925816,0.889535,0.449580,,0
79,72,0.922601,0.878788,0.788297,,0
79,73,0.755700,0.696970,0.541741,,0
79,74,0.850267,0.760766,0.838743,,0
79,75,0.873950,0.807292,0.382058,,0
79,76,0.868421,0.800000,0.729003,,0
79,77,0.886731,0.830303,0.423390,,0
79,78,0.866485,0.782178,0.826058,,0
79,79,0.901961,0.838542,0.682051,32.70250026012419,1
79,80,0.905983,0.844086,0.889530,,0
80,1,0.823188,0.735450,0.803122,,0
80,2,0.807571,0.677249,0.652088,,0
80,3,0.729282,0.677249,0.631592,,0
80,4,0.890141,0.814815,0.543066,,0
80,5,0.793939,0.693122,0.693108,,0
80,6,0.878453,0.814815,0.808283,,0
80,7,0.727848,0.608466,0.416884,,0
80,8,0.800983,0.743119,0.670352,,0
80,9,0.833760,0.762376,0.337675,,0
80,10,0.810256,0.781095,0.299536,,0
80,11,0.871658,0.830688,0.543038,,0
80,12,0.724919,0.587302,0.495635,,0
80,13,0.795640,0.746032,0.730288,,0
80,14,0.882353,0.793651,0.503059,,0
80,15,0.848485,0.740741,0.267376,,0
80,16,0.902507,0.841270,0.387883,,0
80,17,0.830380,0.786408,0.412293,,0
80,18,0.867021,0.777778,0.409688,,0
80,19,0.740230,0.654472,0.575293,,0
80,20,0.854111,0.798942,0.425279,,0
80,21,0.868852,0.820106,0.777629,,0
80,22,0.808184,0.777228,0.428599,,0
80,23,0.838150,0.756614,0.452955,,0
80,24,0.851312,0.772487,0.386537,,0
80,25,0.897143,0.830688,0.599780,,0
80,26,0.792176,0.731818,0.416438,,0
80,27,0.841026,0.805970,0.753515,,0
80,28,0.871233,0.793651,0.745796,,0
80,29,0.781818,0.681275,0.638570,,0
80,30,0.771845,0.713004,0.462383,,0
80,31,0.867925,0.830688,0.527743,,0
80,32,0.772036,0.666667,0.432661,,0
80,33,0.906593,0.862434,0.699264,,0
80,34,0.810945,0.760563,0.363719,,0
80,35,0.843243,0.814815,0.456297,,0
80,36,0.766990,0.708520,0.820206,,0
80,37,0.901639,0.857143,0.359915,,0
80,38,0.845714,0.772487,0.554677,,0
80,39,0.859375,0.764103,0.489714,,0
80,40,0.844037,0.730159,0.823540,,0
80,41,0.885870,0.825397,0.798112,,0
80,42,0.783654,0.718062,0.476069,,0
80,43,0.888889,0.830688,0.520938,,0
80,44,0.801932,0.733333,0.487687,,0
80,45,0.802057,0.780000,0.754814,,0
80,46,0.895775,0.835979,0.532624,,0
80,47,0.857143,0.820106,0.489978,,0
80,48,0.863158,0.827225,0.715753,,0
80,49,0.836676,0.767196,0.409309,,0
80,50,0.802920,0.738739,0.284583,,0
80,51,0.807107,0.775610,0.496966,,0
80,52,0.837349,0.730159,0.396948,,0
80,53,0.879781,0.835979,0.754612,,0
80,54,0.870968,0.793651,0.510465,,0
80,55,0.867257,0.777778,0.661274,,0
80,56,0.869565,0.809524,0.492748,,0
80,57,0.836735,0.798030,0.351226,,0
80,58,0.895349,0.814815,0.311879,,0
80,59,0.837758,0.746032,0.398584,,0
80,60,0.883191,0.798942,0.505372,,0
80,61,0.766667,0.719577,0.736542,,0
80,62,0.820513,0.796020,0.433691,,0
80,63,0.826531,0.793103,0.322293,,0
80,64,0.849741,0.812183,0.672650,,0
80,65,0.857143,0.809524,0.816110,,0
80,66,0.856369,0.825397,0.259017,,0
80,67,0.857143,0.825397,0.371190,,0
80,68,0.832461,0.818653,0.619098,,0
80,69,0.856397,0.829897,0.548349,,0
80,70,0.861789,0.825397,0.731653,,0
80,71,0.897507,0.825397,0.411318,,0
80,72,0.876081,0.793651,0.577920,,0
80,73,0.731118,0.640212,0.427559,,0
80,74,0.814070,0.765550,0.750294,,0
80,75,0.845144,0.791667,0.298794,,0
80,76,0.835366,0.724868,0.527597,,0
80,77,0.846847,0.746032,0.350729,,0
80,78,0.823529,0.792079,0.750365,,0
80,79,0.860892,0.812500,0.586083,,0
80,80,0.874667,0.825397,0.966640,26.036144257491507,1
